Id,IncomingTrackId,StartDate,EndDate,AddressStart,AddressFinish,Country,CityStart,RichTrackId,DeviceToken,StartLat,StartLon,FinishLat,FinishLon
1198738,2462726,2018-04-19 20:23:00.0000000 +08:00,2018-04-19 20:30:45.0000000 +08:00,"Benjamin Sheares Brg, Central Business District, Singapore, Singapore","Amber Rd 50, Katong, Singapore, Singapore",Singapore,,1198738,9E939E61-6343-4602-95B0-C9A7A85206BA,1.29329,103.8626,1.30133,103.90129
1203858,2650070,2018-04-21 06:57:40.0000000 +08:00,2018-04-21 07:11:20.0000000 +08:00,"Amber Rd 50, Katong, Singapore, Singapore","T1 Departure Cres 80, Changi, Singapore, Singapore",Singapore,,1203858,9E939E61-6343-4602-95B0-C9A7A85206BA,1.30133,103.90129,1.36102,103.99045
1203863,2650081,2018-04-22 01:41:50.0000000 +09:00,2018-04-22 01:59:21.0000000 +09:00,東京都港区赤坂２丁目１,東京都中央区日本橋蛎殻町２丁目２−１,Japan,,1203863,9E939E61-6343-4602-95B0-C9A7A85206BA,35.673414103532316,139.73931761604615,35.68235509819262,139.78585274914306
1205014,2652876,2018-04-23 15:42:58.0116082 +09:00,2018-04-23 16:07:37.0000000 +09:00,東京都港区赤坂３丁目２−３,東京都中央区日本橋蛎殻町１丁目３６−７,Japan,,1205014,9E939E61-6343-4602-95B0-C9A7A85206BA,35.67622210578371,139.7376001690098,35.68206561972256,139.78603395386574
1206174,2655588,2018-04-24 08:00:17.0000000 +09:00,2018-04-24 08:22:13.0000000 +09:00,東京都中央区日本橋蛎殻町１丁目３６−７,東京都千代田区紀尾井町４−３,Japan,,1206174,9E939E61-6343-4602-95B0-C9A7A85206BA,35.682065634670074,139.78603394132548,35.681959982359366,139.73343475949616
1206334,2655922,2018-04-24 09:35:30.0000000 +09:00,2018-04-24 09:49:10.0000000 +09:00,東京都千代田区紀尾井町４−３,東京都千代田区丸の内１丁目８−１,Japan,,1206334,9E939E61-6343-4602-95B0-C9A7A85206BA,35.68195996671406,139.7334347106646,35.68341404426421,139.76936708803893
1209303,2663211,2018-04-25 10:20:11.0000000 +09:00,2018-04-25 10:32:21.0000000 +09:00,神奈川県鎌倉市七里ガ浜東２丁目１０−１,神奈川県鎌倉市御成町１２−５,Japan,,1209303,9E939E61-6343-4602-95B0-C9A7A85206BA,35.3063729549372,139.51482615033942,35.319092722214364,139.54984815129058
1229873,2677737,2018-04-28 11:06:37.6387403 +09:00,2018-04-28 11:13:38.0000000 +09:00,東京都千代田区丸の内２丁目７−２,東京都千代田区紀尾井町１−７,Japan,,1229873,9E939E61-6343-4602-95B0-C9A7A85206BA,35.6802953,139.7649933,35.679428820395565,139.73617274364832
1232093,2682960,2018-04-29 11:34:01.0000000 +09:00,2018-04-29 11:53:56.0000000 +09:00,東京都中央区銀座６丁目９−８,東京都千代田区紀尾井町４−１３,Japan,,1232093,9E939E61-6343-4602-95B0-C9A7A85206BA,35.66972636798114,139.7634560150344,35.68000428688407,139.7359074693835
1233443,2686076,2018-04-29 13:45:33.0000000 +09:00,2018-04-29 13:55:20.0000000 +09:00,東京都千代田区紀尾井町４−１３,東京都千代田区丸の内１丁目６−６,Japan,,1233443,9E939E61-6343-4602-95B0-C9A7A85206BA,35.68000420513809,139.73590751027223,35.682708123680676,139.7659124153891
1233512,2686274,2018-04-30 00:37:47.6917573 +08:00,2018-04-30 00:49:31.0000000 +08:00,"Changi, Singapore, Singapore","Amber Rd 43, Katong, Singapore, Singapore",Singapore,,1233512,9E939E61-6343-4602-95B0-C9A7A85206BA,1.35983,103.98877,1.30144,103.90151
1234015,2687475,2018-04-30 09:43:11.0000000 +08:00,2018-04-30 09:59:17.0000000 +08:00,"Amber Rd 43, Katong, Singapore, Singapore","Temasek Blvd 7, Central Business District, Singapore, Singapore",Singapore,,1234015,9E939E61-6343-4602-95B0-C9A7A85206BA,1.30144,103.90151,1.29588,103.85798
1235013,2689693,2018-04-30 19:26:47.0000000 +08:00,2018-04-30 19:39:47.0000000 +08:00,"Temasek Ave 1, Central Business District, Singapore, Singapore","Amber Rd 43, Katong, Singapore, Singapore",Singapore,,1235013,9E939E61-6343-4602-95B0-C9A7A85206BA,1.2926394632098197,103.8609099482222,1.30144,103.90151
1237831,2696722,2018-05-02 11:25:25.0000000 +08:00,2018-05-02 11:27:08.0000000 +08:00,"Benjamin Sheares Brg, Marina East, Singapore, Singapore","Rochor Rd, Central Business District, Singapore, Singapore",Singapore,,1237831,9E939E61-6343-4602-95B0-C9A7A85206BA,1.29498,103.86996,1.29427,103.86104
1241055,2704039,2018-05-03 19:06:17.0000000 +08:00,2018-05-03 21:25:37.0000000 +08:00,"Collyer Quay 11, Central Business District, Singapore, Singapore","Mountbatten Rd 855, Katong, Singapore, Singapore",Singapore,,1241055,9E939E61-6343-4602-95B0-C9A7A85206BA,1.2831018213194638,103.85314830588536,1.30285,103.89969
1241567,2705226,2018-05-04 08:55:55.0000000 +08:00,2018-05-04 09:03:30.0000000 +08:00,"Amber Rd 151, Katong, Singapore, Singapore","Fort Rd 14, Geylang, Singapore, Singapore",Singapore,,1241567,9E939E61-6343-4602-95B0-C9A7A85206BA,1.3029984897014713,103.90062164524933,1.3002,103.88615
1241757,2705624,2018-05-04 11:31:23.0000000 +08:00,2018-05-04 11:39:41.0000000 +08:00,"Jalan Batu 2, Tanjong Rhu, Singapore, Singapore","Temasek Blvd 7, Central Business District, Singapore, Singapore",Singapore,,1241757,9E939E61-6343-4602-95B0-C9A7A85206BA,1.3032971948968646,103.88447767517022,1.29601,103.85809
1242729,2707763,2018-05-04 19:02:52.0000000 +08:00,2018-05-04 19:30:55.0000000 +08:00,"Nicoll Hwy 80, Central Business District, Singapore, Singapore","Amber Rd 43, Katong, Singapore, Singapore",Singapore,,1242729,9E939E61-6343-4602-95B0-C9A7A85206BA,1.29601,103.85809,1.30144,103.90151
1245597,2714305,2018-05-06 10:31:35.0000000 +08:00,2018-05-06 10:42:23.0000000 +08:00,"Marine Parade Rd 162, Katong, Singapore, Singapore","Terang Bulan Ave 46, Siglap, Singapore, Singapore",Singapore,,1245597,9E939E61-6343-4602-95B0-C9A7A85206BA,1.3044568151247729,103.9072995075061,1.32267,103.92234
1245688,2714502,2018-05-06 11:38:58.0000000 +08:00,2018-05-06 11:58:55.0000000 +08:00,"Terang Bulan Ave 46, Siglap, Singapore, Singapore","Amber Rd 41, Katong, Singapore, Singapore",Singapore,,1245688,9E939E61-6343-4602-95B0-C9A7A85206BA,1.32267,103.92234,1.30139,103.90141
1246061,2715216,2018-05-06 13:05:36.0000000 +08:00,2018-05-06 16:02:44.0000000 +08:00,"Amber Rd 41, Katong, Singapore, Singapore","Amber Rd, Katong, Singapore, Singapore",Singapore,,1246061,9E939E61-6343-4602-95B0-C9A7A85206BA,1.30139,103.90141,1.30178,103.90106
1246439,2716042,2018-05-06 17:57:16.0000000 +08:00,2018-05-06 18:10:04.0000000 +08:00,"Amber Rd, Katong, Singapore, Singapore","Raffles Ave 7, Central Business District, Singapore, Singapore",Singapore,,1246439,9E939E61-6343-4602-95B0-C9A7A85206BA,1.30178,103.90106,1.29047,103.85992
1247448,2718451,2018-05-07 10:31:21.6218485 +08:00,2018-05-07 10:45:37.0000000 +08:00,"East Coast Rd 40P, Katong, Singapore, Singapore","Nicoll Hwy 80, Central Business District, Singapore, Singapore",Singapore,,1247448,9E939E61-6343-4602-95B0-C9A7A85206BA,1.30348,103.90322,1.2961,103.8579
1248136,2719972,2018-05-07 17:50:28.0000000 +08:00,2018-05-07 18:00:14.0000000 +08:00,"15, Central Business District, Singapore, Singapore","Amber Rd 43, Katong, Singapore, Singapore",Singapore,,1248136,9E939E61-6343-4602-95B0-C9A7A85206BA,1.292321789079618,103.86358796628552,1.30139,103.90141
1249479,2723364,2018-05-08 12:23:31.0000000 +08:00,2018-05-08 12:31:41.0000000 +08:00,"Amber Rd 41, Katong, Singapore, Singapore","Temasek Blvd 8, Central Business District, Singapore, Singapore",Singapore,,1249479,9E939E61-6343-4602-95B0-C9A7A85206BA,1.30139,103.90141,1.29529,103.85928
1250694,2725910,2018-05-08 22:19:49.3409409 +08:00,2018-05-08 22:30:19.0000000 +08:00,"Katong, Singapore, Singapore","T1 Departure Cres 80, Changi, Singapore, Singapore",Singapore,,1250694,9E939E61-6343-4602-95B0-C9A7A85206BA,1.29883,103.89796,1.36127,103.98989
1252900,2730989,2018-05-09 17:36:41.6934127 +03:00,2018-05-09 18:00:30.0000000 +03:00,"Деревлёво, Профсоюзная улица, Беляево-Богородское, Konkovo District, South-Western Administrative Okrug, Moscow, Central Federal District, 117437, Russia","32 с2, Sadovaya-Kudrinskaya Street, Кудрино, Moscow, Central Administrative Okrug, Moscow, Central Federal District, 123056, Russia",Russia,,1252900,9E939E61-6343-4602-95B0-C9A7A85206BA,55.64582,37.528752,55.765479,37.590297
1253146,2731718,2018-05-09 22:42:27.0000000 +03:00,2018-05-09 23:15:26.0000000 +03:00,"48 с1, Pokrovka Street, Ивановская горка, Хитровка, Basmanny District, Central Administrative Okrug, Moscow, Central Federal District, 115054, Russia","37, улица Миклухо-Маклая, Беляево-Богородское, Konkovo District, South-Western Administrative Okrug, Moscow, Central Federal District, 117437, Russia",Russia,,1253146,9E939E61-6343-4602-95B0-C9A7A85206BA,55.763464,37.654756,55.64480929669469,37.520927858351826
1253802,2733135,2018-05-10 08:23:20.0000000 +03:00,2018-05-10 08:41:22.0000000 +03:00,"37, улица Миклухо-Маклая, Беляево-Богородское, Konkovo District, South-Western Administrative Okrug, Moscow, Central Federal District, 117437, Russia","Метро  Юго-Западная, улица 26-ти Бакинских Комиссаров, Тропарёво, Troparyovo-Nikulino District, Western Administrative Okrug, Moscow, Central Federal District, 117571, Russia",Russia,,1253802,9E939E61-6343-4602-95B0-C9A7A85206BA,55.644813,37.520933,55.662521,37.484646
1255792,2737832,2018-05-10 21:30:07.1908738 +03:00,2018-05-10 21:54:16.0000000 +03:00,"6В с3, проспект Вернадского, Ramenki District, Western Administrative Okrug, Moscow, Central Federal District, 119311, Russia","104, Профсоюзная улица, Коньково, Konkovo District, South-Western Administrative Okrug, Moscow, Central Federal District, 117437, Russia",Russia,,1255792,9E939E61-6343-4602-95B0-C9A7A85206BA,55.69102,37.531486,55.64246,37.52319
1255886,2738005,2018-05-11 07:54:22.0000000 +03:00,2018-05-11 08:30:56.0000000 +03:00,"104, Профсоюзная улица, Коньково, Konkovo District, South-Western Administrative Okrug, Moscow, Central Federal District, 117437, Russia","33/11, Komsomolskiy boulevard, Квартал №533, Девичье поле, Khamovniki District, Central Administrative Okrug, Moscow, Central Federal District, 119146, Russia",Russia,,1255886,9E939E61-6343-4602-95B0-C9A7A85206BA,55.64246,37.52319,55.724180060778615,37.57885366144094
1256166,2738603,2018-05-11 10:27:29.0000000 +03:00,2018-05-11 10:33:41.0000000 +03:00,"33/11, Komsomolskiy boulevard, Квартал №533, Девичье поле, Khamovniki District, Central Administrative Okrug, Moscow, Central Federal District, 119146, Russia","2/4 с73, Лужнецкая набережная, Квартал №533, Khamovniki District, Central Administrative Okrug, Moscow, Central Federal District, 119270, Russia",Russia,,1256166,9E939E61-6343-4602-95B0-C9A7A85206BA,55.724244,37.578705,55.713233,37.572533
1256502,2739320,2018-05-11 13:20:36.0000000 +03:00,2018-05-11 13:27:12.0000000 +03:00,"2/4 с73, Лужнецкая набережная, Квартал №533, Khamovniki District, Central Administrative Okrug, Moscow, Central Federal District, 119270, Russia","Coffeemania, 21/10, Komsomolskiy boulevard, Квартал №533, Девичье поле, Khamovniki District, Central Administrative Okrug, Moscow, Central Federal District, 123317, Russia",Russia,,1256502,9E939E61-6343-4602-95B0-C9A7A85206BA,55.713233,37.572533,55.727847,37.583598
1257486,2741395,2018-05-11 14:51:08.0000000 +03:00,2018-05-11 21:52:26.0000000 +03:00,"Coffeemania, 21/10, Komsomolskiy boulevard, Квартал №533, Девичье поле, Khamovniki District, Central Administrative Okrug, Moscow, Central Federal District, 123317, Russia","Профсоюзная улица, Беляево-Богородское, Konkovo District, South-Western Administrative Okrug, Moscow, Central Federal District, 117630, Russia",Russia,,1257486,9E939E61-6343-4602-95B0-C9A7A85206BA,55.727847,37.583598,55.651451,37.534346
1258612,2743979,2018-05-12 11:21:38.0000000 +03:00,2018-05-12 12:15:05.0000000 +03:00,"38, улица Миклухо-Маклая, Коньково, Konkovo District, South-Western Administrative Okrug, Moscow, Central Federal District, 117279, Russia","9, 3rd Frunzenskaya street, Квартал №533, Девичье поле, Khamovniki District, Central Administrative Okrug, Moscow, Central Federal District, 119146, Russia",Russia,,1258612,9E939E61-6343-4602-95B0-C9A7A85206BA,55.639023,37.536835,55.721484,37.576861
1258724,2744205,2018-05-12 12:31:49.0000000 +03:00,2018-05-12 12:59:16.0000000 +03:00,"9, 3rd Frunzenskaya street, Квартал №533, Девичье поле, Khamovniki District, Central Administrative Okrug, Moscow, Central Federal District, 119146, Russia","5/7 с1, Rozhdestvenskiy Blvd, Напрудное, Meshchansky District, Central Administrative Okrug, Moscow, Central Federal District, 115054, Russia",Russia,,1258724,9E939E61-6343-4602-95B0-C9A7A85206BA,55.721484,37.576861,55.766876,37.624602
1259705,2746498,2018-05-12 22:41:46.0000000 +03:00,2018-05-13 00:20:48.0000000 +03:00,"городское поселение Поварово, Solnechnogorsky District, Moscow Oblast, Central Federal District, 141540, Russia","104, Профсоюзная улица, Коньково, Konkovo District, South-Western Administrative Okrug, Moscow, Central Federal District, 117437, Russia",Russia,,1259705,9E939E61-6343-4602-95B0-C9A7A85206BA,56.08382617128648,37.02459591444305,55.642332,37.523057
1262357,2752249,2018-05-14 09:00:26.0000000 +03:00,2018-05-14 09:16:21.0000000 +03:00,"104, Профсоюзная улица, Коньково, Konkovo District, South-Western Administrative Okrug, Moscow, Central Federal District, 117437, Russia","13, улица 26-ти Бакинских Комиссаров, Тропарёво, Troparyovo-Nikulino District, Western Administrative Okrug, Moscow, Central Federal District, 117571, Russia",Russia,,1262357,9E939E61-6343-4602-95B0-C9A7A85206BA,55.642332,37.523057,55.662863,37.484296
1263768,2755567,2018-05-15 00:52:15.0296493 +03:00,2018-05-15 01:23:53.0000000 +03:00,"37 с2, Большая Грузинская улица, Кудрино, Presnensky District, Central Administrative Okrug, Moscow, Central Federal District, 123557, Russia","104, Профсоюзная улица, Коньково, Konkovo District, South-Western Administrative Okrug, Moscow, Central Federal District, 117437, Russia",Russia,,1263768,9E939E61-6343-4602-95B0-C9A7A85206BA,55.769821,37.58051,55.642495,37.523278
1264620,2757364,2018-05-15 09:29:28.0000000 +03:00,2018-05-15 10:24:23.0000000 +03:00,"104, Профсоюзная улица, Коньково, Konkovo District, South-Western Administrative Okrug, Moscow, Central Federal District, 117437, Russia","метро  Юго-Западная, проспект Вернадского, Тропарёво, Troparyovo-Nikulino District, Western Administrative Okrug, Moscow, Central Federal District, 119571, Russia",Russia,,1264620,9E939E61-6343-4602-95B0-C9A7A85206BA,55.642495,37.523278,55.664843,37.483696
1264883,2757966,2018-05-15 12:26:28.0000000 +03:00,2018-05-15 12:52:15.0000000 +03:00,"2/4 с59А, Лужнецкая набережная, Квартал №533, Khamovniki District, Central Administrative Okrug, Moscow, Central Federal District, 119270, Russia","7 с18, Дербеневская набережная, Кожевники, Danilovsky District, Southern Administrative Okrug, Moscow, Central Federal District, 115114, Russia",Russia,,1264883,9E939E61-6343-4602-95B0-C9A7A85206BA,55.71366378684289,37.57233549575455,55.721590239606535,37.653199927916425
1265211,2758661,2018-05-15 14:40:34.0000000 +03:00,2018-05-15 14:55:43.0000000 +03:00,"7 с18, Дербеневская набережная, Кожевники, Danilovsky District, Southern Administrative Okrug, Moscow, Central Federal District, 115114, Russia","Paveletsky Rail Terminal, 1, Paveletskiy Railway Station, Zamoskvorechye District, Central Administrative Okrug, Moscow, Central Federal District, 115054, Russia",Russia,,1265211,9E939E61-6343-4602-95B0-C9A7A85206BA,55.721590239606535,37.653199927916425,55.73002989409093,37.63968477960456
1266881,2762343,2018-05-16 07:36:55.4611680 +03:00,2018-05-16 08:19:37.0000000 +03:00,"104, Профсоюзная улица, Коньково, Konkovo District, South-Western Administrative Okrug, Moscow, Central Federal District, 117437, Russia","17, Neglinnaya Street, Сущёво, Tverskoy District, Central Administrative Okrug, Moscow, Central Federal District, 115054, Russia",Russia,,1266881,9E939E61-6343-4602-95B0-C9A7A85206BA,55.64167453446951,37.523151850362794,55.763684,37.619997
1266996,2762636,2018-05-16 10:13:18.0000000 +03:00,2018-05-16 10:58:21.0000000 +03:00,"17, Neglinnaya Street, Сущёво, Tverskoy District, Central Administrative Okrug, Moscow, Central Federal District, 115054, Russia","2/4 с19, Лужнецкая набережная, Квартал №533, Khamovniki District, Central Administrative Okrug, Moscow, Central Federal District, 119270, Russia",Russia,,1266996,9E939E61-6343-4602-95B0-C9A7A85206BA,55.763684,37.619997,55.714194425433604,37.57233593616408
1268017,2764762,2018-05-16 19:04:49.0000000 +03:00,2018-05-16 19:32:42.0000000 +03:00,"2/4 с19, Лужнецкая набережная, Квартал №533, Khamovniki District, Central Administrative Okrug, Moscow, Central Federal District, 119270, Russia","7 к1, улица Строителей, Ломоносовский, Lomonosovsky District, South-Western Administrative Okrug, Moscow, Central Federal District, 119311, Russia",Russia,,1268017,9E939E61-6343-4602-95B0-C9A7A85206BA,55.714194425433604,37.57233593616408,55.686079,37.536778
1269146,2767275,2018-05-17 09:57:25.0000000 +03:00,2018-05-17 10:23:47.0000000 +03:00,"3, Солянский проезд, Подкопаево, Tagansky District, Central Administrative Okrug, Moscow, Central Federal District, 101000, Russia","2/4 с17, Лужнецкая набережная, Квартал №533, Khamovniki District, Central Administrative Okrug, Moscow, Central Federal District, 119270, Russia",Russia,,1269146,9E939E61-6343-4602-95B0-C9A7A85206BA,55.75459,37.635871,55.713329,37.572857
1269558,2768150,2018-05-17 13:20:50.0000000 +03:00,2018-05-17 13:30:33.0000000 +03:00,"2/4 с17, Лужнецкая набережная, Квартал №533, Khamovniki District, Central Administrative Okrug, Moscow, Central Federal District, 119270, Russia","211, Лужнецкая набережная, Luzhniki, Лужники, Khamovniki District, Central Administrative Okrug, Moscow, Central Federal District, 119270, Russia",Russia,,1269558,9E939E61-6343-4602-95B0-C9A7A85206BA,55.713329,37.572857,55.711580989934234,37.561401492019705
1270327,2769955,2018-05-17 20:46:44.0000000 +03:00,2018-05-17 21:06:03.0000000 +03:00,"GlowSubs, Лужнецкая набережная, Luzhniki, Лужники, Khamovniki District, Central Administrative Okrug, Moscow, Central Federal District, 119270, Russia","8 с1, Мичуринский проспект, посёлок Матвеевское, Ramenki District, Western Administrative Okrug, Moscow, Central Federal District, 119501, Russia",Russia,,1270327,9E939E61-6343-4602-95B0-C9A7A85206BA,55.711437,37.561376,55.70536737775728,37.511885613930225
1270432,2770234,2018-05-17 23:08:30.0000000 +03:00,2018-05-17 23:25:59.0000000 +03:00,"8 с1, Мичуринский проспект, посёлок Матвеевское, Ramenki District, Western Administrative Okrug, Moscow, Central Federal District, 119501, Russia","104, Профсоюзная улица, Коньково, Konkovo District, South-Western Administrative Okrug, Moscow, Central Federal District, 117437, Russia",Russia,,1270432,9E939E61-6343-4602-95B0-C9A7A85206BA,55.705333,37.511947,55.642332,37.523057
1271587,2772717,2018-05-18 10:02:41.0000000 +03:00,2018-05-18 10:29:50.0000000 +03:00,"104, Профсоюзная улица, Коньково, Konkovo District, South-Western Administrative Okrug, Moscow, Central Federal District, 117437, Russia","2/4 с17, Лужнецкая набережная, Квартал №533, Khamovniki District, Central Administrative Okrug, Moscow, Central Federal District, 119270, Russia",Russia,,1271587,9E939E61-6343-4602-95B0-C9A7A85206BA,55.642332,37.523057,55.71338940684131,37.572981199540884
1271875,2773316,2018-05-18 13:54:32.0000000 +03:00,2018-05-18 13:59:40.0000000 +03:00,"2/4 с17, Лужнецкая набережная, Квартал №533, Khamovniki District, Central Administrative Okrug, Moscow, Central Federal District, 119270, Russia","Улица Хамовнический Вал, Komsomolskiy boulevard, Квартал №533, Девичье поле, Khamovniki District, Central Administrative Okrug, Moscow, Central Federal District, 123317, Russia",Russia,,1271875,9E939E61-6343-4602-95B0-C9A7A85206BA,55.713343,37.572906,55.719179,37.571405
1272273,2774080,2018-05-18 13:56:47.0000000 +03:00,2018-05-18 14:11:49.0000000 +03:00,"2/4 с17, Лужнецкая набережная, Квартал №533, Khamovniki District, Central Administrative Okrug, Moscow, Central Federal District, 119270, Russia","32 к2, Komsomolskiy boulevard, Квартал №533, Девичье поле, Khamovniki District, Central Administrative Okrug, Moscow, Central Federal District, 123317, Russia",Russia,,1272273,9E939E61-6343-4602-95B0-C9A7A85206BA,55.713373,37.572998,55.725829,37.578928
1272327,2774189,2018-05-18 16:38:02.0000000 +03:00,2018-05-18 16:48:04.0000000 +03:00,"32 к2, Komsomolskiy boulevard, Квартал №533, Девичье поле, Khamovniki District, Central Administrative Okrug, Moscow, Central Federal District, 123317, Russia","2/4 с59А, Лужнецкая набережная, Квартал №533, Khamovniki District, Central Administrative Okrug, Moscow, Central Federal District, 119270, Russia",Russia,,1272327,9E939E61-6343-4602-95B0-C9A7A85206BA,55.725829,37.578928,55.713737,37.572482
1276348,2782919,2018-05-20 15:57:17.9307436 +08:00,2018-05-20 19:12:38.0000000 +08:00,"Marine Parade Road, Marine Parade, Southeast, 439885, Singapore","Opposite Amber Garden, Amber Road, Kampong Amber, Tanjong Katong, Southeast, 439885, Singapore",Singapore,,1276348,9E939E61-6343-4602-95B0-C9A7A85206BA,1.301611724811461,103.90264899206085,1.3015180360537968,103.90143494131406
1278570,2788211,2018-05-21 19:37:59.1630636 +08:00,2018-05-21 19:48:37.0000000 +08:00,"Marina Centre Terminal, Raffles Boulevard, Clarke Quay, Suntec City, Singapore, Central, 039799, Singapore","Opposite Amber Garden, Amber Road, Kampong Amber, Tanjong Katong, Southeast, 439885, Singapore",Singapore,,1278570,9E939E61-6343-4602-95B0-C9A7A85206BA,1.291335,103.86096,1.301434,103.901492
1279530,2790641,2018-05-22 08:37:02.0000000 +08:00,2018-05-22 08:43:46.0000000 +08:00,"Opposite Amber Garden, Amber Road, Kampong Amber, Tanjong Katong, Southeast, 439885, Singapore","Before Fort Road, Mountbatten Road, Tanjong Katong, Southeast, 438178, Singapore",Singapore,,1279530,9E939E61-6343-4602-95B0-C9A7A85206BA,1.301434,103.901492,1.300806,103.886101
1279627,2790793,2018-05-22 08:51:51.0000000 +08:00,2018-05-22 09:11:43.0000000 +08:00,"Before Fort Road, Mountbatten Road, Tanjong Katong, Southeast, 438178, Singapore","Asia Square, Shenton Lane, Chinatown, Shenton Way, Singapore, Central, 068805, Singapore",Singapore,,1279627,9E939E61-6343-4602-95B0-C9A7A85206BA,1.300808,103.886057,1.277775,103.851243
1280065,2792141,2018-05-22 13:40:56.0000000 +08:00,2018-05-22 13:48:58.0000000 +08:00,"East Coast Parkway, Tanjong Katong, Southeast, 437936, Singapore","Suntec City, 3, Temasek Boulevard, Clarke Quay, Suntec City, Singapore, Central, 038983, Singapore",Singapore,,1280065,9E939E61-6343-4602-95B0-C9A7A85206BA,1.295936,103.894131,1.295956,103.860124
1285074,2802790,2018-05-23 21:00:24.0000000 +08:00,2018-05-23 21:11:17.0000000 +08:00,"Temasek Boulevard 3, Sïngäpûru, Sïngäpûru","Amber Road, Sïngäpûru",Sïngäpûru,Sïngäpûru,1285074,9E939E61-6343-4602-95B0-C9A7A85206BA,1.295956,103.860124,1.301878,103.901054
1286670,2806348,2018-05-24 08:58:38.0000000 +08:00,2018-05-24 09:06:43.0000000 +08:00,"Amber Road, Sïngäpûru","Mountbatten Road, Sïngäpûru",Sïngäpûru,Sïngäpûru,1286670,9E939E61-6343-4602-95B0-C9A7A85206BA,1.301842,103.900983,1.300788,103.88649
1290185,2813878,2018-05-25 08:54:33.0000000 +08:00,2018-05-25 09:16:58.0000000 +08:00,"Amber Close, Sïngäpûru","Temasek Boulevard 3, Sïngäpûru, Sïngäpûru",Sïngäpûru,Sïngäpûru,1290185,9E939E61-6343-4602-95B0-C9A7A85206BA,1.3015146413830123,103.90231143692871,1.29589,103.858092
1290877,2815513,2018-05-25 10:29:18.0000000 +08:00,2018-05-25 11:11:02.0000000 +08:00,"Nicoll Highway, Sïngäpûru, Sïngäpûru","Temasek Boulevard 3, Sïngäpûru, Sïngäpûru",Sïngäpûru,Sïngäpûru,1290877,9E939E61-6343-4602-95B0-C9A7A85206BA,1.295844,103.858037,1.296065,103.859852
1290923,2815646,2018-05-25 10:29:18.0000000 +08:00,2018-05-25 13:57:48.0000000 +08:00,"Nicoll Highway, Sïngäpûru, Sïngäpûru","Shenton Way 8, Sïngäpûru, Sïngäpûru",Sïngäpûru,Sïngäpûru,1290923,9E939E61-6343-4602-95B0-C9A7A85206BA,1.295844,103.858037,1.2760783062466512,103.84742855386963
1295029,2824490,2018-05-26 13:39:29.0000000 +08:00,2018-05-26 13:57:50.0000000 +08:00,"Amber Close, Sïngäpûru","Adam Road 120, Sïngäpûru, Sïngäpûru",Sïngäpûru,Sïngäpûru,1295029,9E939E61-6343-4602-95B0-C9A7A85206BA,1.3016296410945258,103.90221672142287,1.330417,103.815312
1295784,2826436,2018-05-26 15:53:43.0000000 +08:00,2018-05-26 16:32:52.0000000 +08:00,"Adam Road 120, Sïngäpûru, Sïngäpûru","Marine Parade Road, Sïngäpûru",Sïngäpûru,Sïngäpûru,1295784,9E939E61-6343-4602-95B0-C9A7A85206BA,1.330417,103.815312,1.3011683808029955,103.90219789837553
1295974,2826792,2018-05-26 17:18:30.0000000 +08:00,2018-05-26 17:34:30.0000000 +08:00,"Marine Parade Road, Sïngäpûru","Pan-Island Expressway, Sïngäpûru, Sïngäpûru",Sïngäpûru,Sïngäpûru,1295974,9E939E61-6343-4602-95B0-C9A7A85206BA,1.3011683808029955,103.90219789837553,1.329685,103.846863
1301704,2839789,2018-05-28 08:42:25.0000000 +08:00,2018-05-28 08:51:44.0000000 +08:00,"Marine Parade Road, Sïngäpûru","Fort Road, Sïngäpûru",Sïngäpûru,Sïngäpûru,1301704,9E939E61-6343-4602-95B0-C9A7A85206BA,1.300755,103.90258,1.2999673001480287,103.88604895221431
1301804,2839984,2018-05-28 09:06:10.0000000 +08:00,2018-05-28 09:16:38.0000000 +08:00,"Fort Road, Sïngäpûru","Nicoll Highway, Sïngäpûru, Sïngäpûru",Sïngäpûru,Sïngäpûru,1301804,9E939E61-6343-4602-95B0-C9A7A85206BA,1.2999673001480287,103.88604895221431,1.295888,103.857967
1309507,2857515,2018-05-30 10:03:46.0000000 +08:00,2018-05-30 10:12:39.0000000 +08:00,"Amber Close, Sïngäpûru","3, Sïngäpûru, Sïngäpûru",Sïngäpûru,Sïngäpûru,1309507,9E939E61-6343-4602-95B0-C9A7A85206BA,1.3015394518164,103.90197766954442,1.29573,103.860447
1312970,2864996,2018-05-31 09:32:47.5382778 +08:00,2018-05-31 09:42:59.0000000 +08:00,"Amber Road, Sïngäpûru","Sïngäpûru, Sïngäpûru",Sïngäpûru,Sïngäpûru,1312970,9E939E61-6343-4602-95B0-C9A7A85206BA,1.301434,103.901492,1.294709,103.859295
1343859,2934034,2018-06-08 15:21:09.7534790 +08:00,2018-06-08 15:29:27.0000000 +08:00,"Marine Parade Road, Sïngäpûru","Temasek Boulevard 3, Sïngäpûru, Sïngäpûru",Sïngäpûru,Sïngäpûru,1343859,9E939E61-6343-4602-95B0-C9A7A85206BA,1.300755,103.902579,1.296024,103.859706
1350980,2950073,2018-06-08 20:31:55.0000000 +08:00,2018-06-08 20:44:31.0000000 +08:00,"Temasek Boulevard 3, Sïngäpûru, Sïngäpûru","Marine Parade Road, Sïngäpûru",Sïngäpûru,Sïngäpûru,1350980,9E939E61-6343-4602-95B0-C9A7A85206BA,1.295913,103.859611,1.3015015656140647,103.90235016132137
1351175,2950561,2018-06-10 11:29:19.0000000 +08:00,2018-06-10 11:34:43.0000000 +08:00,"Marine Parade Road, Sïngäpûru","Mountbatten Road, Sïngäpûru",Sïngäpûru,Sïngäpûru,1351175,9E939E61-6343-4602-95B0-C9A7A85206BA,1.3015015656140647,103.90235016132137,1.303214,103.884529
1351185,2950562,2018-06-10 14:10:28.0000000 +08:00,2018-06-10 14:16:13.0000000 +08:00,"Mountbatten Road, Sïngäpûru","East Coast Road 27, Sïngäpûru",Sïngäpûru,Sïngäpûru,1351185,9E939E61-6343-4602-95B0-C9A7A85206BA,1.303243,103.884665,1.304577,103.902775
1354385,2958351,2018-06-11 08:36:11.8951806 +08:00,2018-06-11 08:38:33.0000000 +08:00,"Beach Road, Sïngäpûru, Sïngäpûru","Nicoll Highway, Sïngäpûru, Sïngäpûru",Sïngäpûru,Sïngäpûru,1354385,9E939E61-6343-4602-95B0-C9A7A85206BA,1.3028278974144443,103.86583305260898,1.296253,103.85803
1356839,2963751,2018-06-11 20:00:02.0000000 +08:00,2018-06-11 20:20:00.0000000 +08:00,"Temasek Boulevard 3, Sïngäpûru, Sïngäpûru","Amber Road, Sïngäpûru",Sïngäpûru,Sïngäpûru,1356839,9E939E61-6343-4602-95B0-C9A7A85206BA,1.296155,103.858163,1.3019889732834902,103.90095884921392
1362006,2976685,2018-06-13 08:25:16.0000000 +08:00,2018-06-13 08:58:23.0000000 +08:00,"Amber Road, Sïngäpûru","Swiss Club Road, Sïngäpûru",Sïngäpûru,Sïngäpûru,1362006,9E939E61-6343-4602-95B0-C9A7A85206BA,1.301969,103.900918,1.34394,103.790289
1362776,2978436,2018-06-13 11:00:00.0000000 +08:00,2018-06-13 11:29:31.0000000 +08:00,"Swiss Club Road, Sïngäpûru","Church Street 23, Sïngäpûru, Sïngäpûru",Sïngäpûru,Sïngäpûru,1362776,9E939E61-6343-4602-95B0-C9A7A85206BA,1.34394,103.790289,1.2835351657134326,103.84870011369125
1366107,2985801,2018-06-14 08:40:00.1574374 +08:00,2018-06-14 08:47:10.0000000 +08:00,"Amber Road, Sïngäpûru","Sïngäpûru, Sïngäpûru",Sïngäpûru,Sïngäpûru,1366107,9E939E61-6343-4602-95B0-C9A7A85206BA,1.301648,103.901081,1.294984,103.859244
1376592,3009867,2018-06-16 19:54:28.0000000 +08:00,2018-06-16 20:09:25.0000000 +08:00,"Marine Parade Central 84, Sïngäpûru","Drop off, Sïngäpûru, Sïngäpûru",Sïngäpûru,Sïngäpûru,1376592,9E939E61-6343-4602-95B0-C9A7A85206BA,1.3024445297208638,103.90619477266809,1.294815,103.859454
1382071,3023655,2018-06-18 10:12:08.0000000 +08:00,2018-06-18 10:24:54.0000000 +08:00,"Marine Parade Road, Sïngäpûru","Temasek Boulevard 3, Sïngäpûru, Sïngäpûru",Sïngäpûru,Sïngäpûru,1382071,9E939E61-6343-4602-95B0-C9A7A85206BA,1.300755,103.90258,1.296054,103.860216
1384651,3029693,2018-06-18 22:27:37.0000000 +08:00,2018-06-18 22:39:11.0000000 +08:00,"Temasek Boulevard 3, Sïngäpûru, Sïngäpûru","Amber Road, Sïngäpûru",Sïngäpûru,Sïngäpûru,1384651,9E939E61-6343-4602-95B0-C9A7A85206BA,1.295943,103.860144,1.301871,103.901057
1386047,3033362,2018-06-19 10:50:48.0000000 +08:00,2018-06-19 11:37:24.0000000 +08:00,"Amber Road, Sïngäpûru","Shenton Way, Sïngäpûru, Sïngäpûru",Sïngäpûru,Sïngäpûru,1386047,9E939E61-6343-4602-95B0-C9A7A85206BA,1.301835,103.900986,1.275387,103.847738
1389187,3040528,2018-06-19 21:43:18.8581496 +08:00,2018-06-19 21:54:52.0000000 +08:00,"Drop off, Sïngäpûru, Sïngäpûru","Amber Road, Sïngäpûru",Sïngäpûru,Sïngäpûru,1389187,9E939E61-6343-4602-95B0-C9A7A85206BA,1.294883,103.859489,1.30164,103.901172
1391222,3045519,2018-06-20 16:48:56.7609681 +08:00,2018-06-20 17:01:43.0000000 +08:00,"Temasek Boulevard 3, Sïngäpûru, Sïngäpûru","SBST Braddell Bus Park, Sïngäpûru, Sïngäpûru",Sïngäpûru,Sïngäpûru,1391222,9E939E61-6343-4602-95B0-C9A7A85206BA,1.296047,103.858179,1.34271,103.858778
1394741,3053460,2018-06-21 10:04:56.0000000 +08:00,2018-06-21 10:05:55.0000000 +08:00,"Rochor Road, Sïngäpûru, Sïngäpûru","Temasek Boulevard 3, Sïngäpûru, Sïngäpûru",Sïngäpûru,Sïngäpûru,1394741,9E939E61-6343-4602-95B0-C9A7A85206BA,1.293705,103.86418,1.295913,103.859611
1395759,3055892,2018-06-21 18:23:38.0000000 +08:00,2018-06-21 18:32:48.0000000 +08:00,"Temasek Boulevard 3, Sïngäpûru, Sïngäpûru","Tanjong Rhu Road, Sïngäpûru",Sïngäpûru,Sïngäpûru,1395759,9E939E61-6343-4602-95B0-C9A7A85206BA,1.295994,103.859545,1.295911,103.875693
1396088,3056646,2018-06-21 18:45:16.0000000 +08:00,2018-06-21 19:49:36.0000000 +08:00,"Paya Lebar Road, Sïngäpûru","T3 Departure Drive, Sïngäpûru",Sïngäpûru,Sïngäpûru,1396088,9E939E61-6343-4602-95B0-C9A7A85206BA,1.318324,103.892058,1.3561716070411318,103.98741658786683
1399123,3064826,2018-06-22 09:10:59.8939364 +03:00,2018-06-22 10:30:11.0000000 +03:00,"А-105, Московская область, РФ","Профсоюзная улица 104, район Коньково, Москва, РФ",РФ,Московская область,1399123,9E939E61-6343-4602-95B0-C9A7A85206BA,55.433298146219606,37.877467219782694,55.641755,37.522843
1399501,3065678,2018-06-22 11:08:18.0000000 +03:00,2018-06-22 11:59:05.0000000 +03:00,"Профсоюзная улица 104, район Коньково, Москва, РФ","Садовническая улица 82 с2, Москва, РФ",РФ,район Коньково,1399501,9E939E61-6343-4602-95B0-C9A7A85206BA,55.641755,37.522843,55.735099,37.642937
1399832,3066393,2018-06-22 12:53:03.0000000 +03:00,2018-06-22 13:14:44.0000000 +03:00,"Садовническая улица 82 с2, Москва, РФ","Лужнецкая набережная 2/4 с73, Москва, РФ",РФ,Москва,1399832,9E939E61-6343-4602-95B0-C9A7A85206BA,55.735099,37.642937,55.713258,37.572611
1402629,3073404,2018-06-22 16:41:46.0000000 +03:00,2018-06-22 17:15:33.0000000 +03:00,"Лужнецкая набережная 2/4 с73, Москва, РФ","Профсоюзная улица 104, район Коньково, Москва, РФ",РФ,Москва,1402629,9E939E61-6343-4602-95B0-C9A7A85206BA,55.713258,37.572611,55.642887,37.524566
1402829,3073853,2018-06-23 07:58:54.0000000 +03:00,2018-06-23 08:16:14.0000000 +03:00,"Профсоюзная улица 11/11, Академический район, Москва, РФ","Большая Никитская улица, Москва, РФ",РФ,Академический район,1402829,9E939E61-6343-4602-95B0-C9A7A85206BA,55.682217,37.567748,55.756616,37.605454
1410401,3092979,2018-06-25 08:19:22.0000000 +03:00,2018-06-25 08:54:18.0000000 +03:00,"Профсоюзная улица 104, район Коньково, Москва, РФ","Лужнецкая набережная 2/4 с59А, Москва, РФ",РФ,район Коньково,1410401,9E939E61-6343-4602-95B0-C9A7A85206BA,55.641688,37.522824,55.713737,37.572482
1412767,3098468,2018-06-25 18:38:07.0000000 +03:00,2018-06-25 19:15:28.0000000 +03:00,"Лужнецкая набережная 2/4 с59А, Москва, РФ","Профсоюзная улица 104, район Коньково, Москва, РФ",РФ,Москва,1412767,9E939E61-6343-4602-95B0-C9A7A85206BA,55.713737,37.572482,55.642398,37.523126
1414372,3102526,2018-06-26 08:26:29.0000000 +03:00,2018-06-26 08:56:23.0000000 +03:00,"Профсоюзная улица 104, район Коньково, Москва, РФ","Серебряническая набережная, Москва, РФ",РФ,район Коньково,1414372,9E939E61-6343-4602-95B0-C9A7A85206BA,55.642398,37.523126,55.75019,37.654732
1414720,3103355,2018-06-26 10:04:10.0000000 +03:00,2018-06-26 10:30:04.0000000 +03:00,"Серебряническая набережная, Москва, РФ","Лужнецкий метромост, Гагаринский район, Москва, РФ",РФ,Москва,1414720,9E939E61-6343-4602-95B0-C9A7A85206BA,55.750169,37.654743,55.715171,37.566549
1416943,3108459,2018-06-26 18:34:32.0000000 +03:00,2018-06-26 18:53:42.0000000 +03:00,"улица 26-ти Бакинских Комиссаров, Москва, РФ","улица Бутлерова, район Коньково, Москва, РФ",РФ,Москва,1416943,9E939E61-6343-4602-95B0-C9A7A85206BA,55.662359,37.484357,55.64980056535283,37.53433916016699
1418523,3112394,2018-06-27 09:18:33.2811205 +03:00,2018-06-27 09:29:40.0000000 +03:00,"Профсоюзная улица 104, район Коньково, Москва, РФ","улица Миклухо-Маклая, Обручевский район, Москва, РФ",РФ,район Коньково,1418523,9E939E61-6343-4602-95B0-C9A7A85206BA,55.642273,37.522996,55.654458,37.498251
1418618,3112621,2018-06-27 09:35:34.0000000 +03:00,2018-06-27 09:52:24.0000000 +03:00,"улица Миклухо-Маклая, Обручевский район, Москва, РФ","Лужнецкий метромост, Гагаринский район, Москва, РФ",РФ,Обручевский район,1418618,9E939E61-6343-4602-95B0-C9A7A85206BA,55.654458,37.498251,55.713634,37.563907
1420557,3117342,2018-06-27 18:17:48.0000000 +03:00,2018-06-27 18:35:29.0000000 +03:00,"Лужнецкий метромост, Гагаринский район, Москва, РФ","Профсоюзная улица, Обручевский район, Москва, РФ",РФ,Гагаринский район,1420557,9E939E61-6343-4602-95B0-C9A7A85206BA,55.713634,37.563907,55.667318,37.551342
1422859,3123895,2018-06-28 10:42:21.0000000 +03:00,2018-06-28 11:07:45.0000000 +03:00,"улица Серпуховский Вал 22 к1, Донской район, Москва, РФ","Лужнецкая набережная 2/4 с73, Москва, РФ",РФ,Донской район,1422859,9E939E61-6343-4602-95B0-C9A7A85206BA,55.71225185669498,37.6117204978374,55.71319581570316,37.57237361319992
1423979,3127152,2018-06-28 14:28:28.0000000 +03:00,2018-06-28 14:38:31.0000000 +03:00,"Москва, РФ","Лужнецкая набережная 2/4 с18, Москва, РФ",РФ,Москва,1423979,9E939E61-6343-4602-95B0-C9A7A85206BA,55.72774906040761,37.57898066467778,55.71402058657095,37.57273494729347
1425129,3130253,2018-06-28 22:15:51.0000000 +03:00,2018-06-28 22:48:18.0000000 +03:00,"Зубовский бульвар 25, Москва, РФ","Профсоюзная улица 104, район Коньково, Москва, РФ",РФ,Москва,1425129,9E939E61-6343-4602-95B0-C9A7A85206BA,55.736798,37.590209,55.642336,37.523061
1426643,3134037,2018-06-29 09:54:54.0000000 +03:00,2018-06-29 10:19:11.0000000 +03:00,"Профсоюзная улица 104, район Коньково, Москва, РФ","Лужнецкая набережная 2/4 с17, Москва, РФ",РФ,район Коньково,1426643,9E939E61-6343-4602-95B0-C9A7A85206BA,55.642336,37.523061,55.713409,37.573108
1427716,3136613,2018-06-29 14:20:00.3530767 +03:00,2018-06-29 14:48:18.0000000 +03:00,"улица Остоженка 53/2 с3, Москва, РФ","Лялин переулок 8 с1, Москва, РФ",РФ,Москва,1427716,9E939E61-6343-4602-95B0-C9A7A85206BA,55.735468,37.596899,55.759632177702855,37.65124526809682
1428383,3138243,2018-06-29 15:06:37.0000000 +03:00,2018-06-29 15:43:46.0000000 +03:00,"Лялин переулок 8 с1, Москва, РФ","Трёхпрудный переулок 9 с8, Москва, РФ",РФ,Москва,1428383,9E939E61-6343-4602-95B0-C9A7A85206BA,55.759623,37.65125,55.765482,37.597159
1428831,3139365,2018-06-29 18:38:19.0000000 +03:00,2018-06-29 18:58:59.0000000 +03:00,"Большая Никитская улица, Москва, РФ","Ленинский проспект 2А, Москва, РФ",РФ,Москва,1428831,9E939E61-6343-4602-95B0-C9A7A85206BA,55.756752,37.60466,55.729272,37.61197
1430689,3144077,2018-06-30 09:34:17.6275344 +03:00,2018-06-30 09:59:37.0000000 +03:00,"Профсоюзная улица, район Коньково, Москва, РФ","Большая Никитская улица 14/2 с6, Москва, РФ",РФ,район Коньково,1430689,9E939E61-6343-4602-95B0-C9A7A85206BA,55.643437,37.526984,55.7566,37.605546
1431209,3145322,2018-06-30 11:51:11.6203894 +03:00,2018-06-30 11:55:16.0000000 +03:00,"улица Варварка 5 с1, Москва, РФ","улица Ильинка 3/8 с1, Москва, РФ",РФ,Москва,1431209,9E939E61-6343-4602-95B0-C9A7A85206BA,55.752894,37.628677,55.754948,37.623599
1431535,3146055,2018-06-30 12:28:56.2817919 +03:00,2018-06-30 12:44:42.0000000 +03:00,"улица Орджоникидзе 11 с17, Донской район, Москва, РФ","Профсоюзная улица, Обручевский район, Москва, РФ",РФ,Донской район,1431535,9E939E61-6343-4602-95B0-C9A7A85206BA,55.708557,37.591313,55.66598617862565,37.54939911884688
1431587,3146164,2018-06-30 13:26:11.6184661 +03:00,2018-06-30 13:28:54.0000000 +03:00,"Керченская улица, район Зюзино, Москва, РФ","Малая Юшуньская улица 3, район Зюзино, Москва, РФ",РФ,район Зюзино,1431587,9E939E61-6343-4602-95B0-C9A7A85206BA,55.65519446123046,37.580465865185836,55.654272,37.591949
1433037,3149674,2018-06-30 18:30:08.0000000 +03:00,2018-06-30 18:45:56.0000000 +03:00,"Малая Юшуньская улица 3, район Зюзино, Москва, РФ","Профсоюзная улица 104, район Коньково, Москва, РФ",РФ,район Зюзино,1433037,9E939E61-6343-4602-95B0-C9A7A85206BA,55.654272,37.591949,55.642475,37.523228
1433244,3150315,2018-06-30 20:22:17.4826610 +03:00,2018-06-30 20:40:42.0000000 +03:00,"Профсоюзная улица, Обручевский район, Москва, РФ","улица Петровка 27, Москва, РФ",РФ,Обручевский район,1433244,9E939E61-6343-4602-95B0-C9A7A85206BA,55.668527,37.55306,55.76798,37.613473
1433492,3151087,2018-06-30 21:56:22.7412935 +03:00,2018-06-30 23:05:39.0000000 +03:00,"Большая Бронная улица 14, Москва, РФ","Профсоюзная улица 104, район Коньково, Москва, РФ",РФ,Москва,1433492,9E939E61-6343-4602-95B0-C9A7A85206BA,55.762386535290354,37.60031832412585,55.642926,37.524485
1434645,3154221,2018-07-01 09:33:51.0000000 +03:00,2018-07-01 10:00:22.0000000 +03:00,"Профсоюзная улица 104, район Коньково, Москва, РФ","Моховая улица, Москва, РФ",РФ,район Коньково,1434645,9E939E61-6343-4602-95B0-C9A7A85206BA,55.642926,37.524484,55.755102,37.612742
1436320,3158538,2018-07-01 16:16:42.0413389 +03:00,2018-07-01 16:38:33.0000000 +03:00,"Мытная улица 74, Даниловский район, Москва, РФ","Профсоюзная улица 104, район Коньково, Москва, РФ",РФ,Даниловский район,1436320,9E939E61-6343-4602-95B0-C9A7A85206BA,55.71198209631916,37.62075018812336,55.642379,37.523106
1438585,3164192,2018-07-02 09:24:46.0000000 +03:00,2018-07-02 09:49:50.0000000 +03:00,"Профсоюзная улица 104, район Коньково, Москва, РФ","Лужнецкая набережная 2/4 с17, Москва, РФ",РФ,район Коньково,1438585,9E939E61-6343-4602-95B0-C9A7A85206BA,55.642379,37.523106,55.713285,37.572705
1439562,3166361,2018-07-02 13:50:36.0000000 +03:00,2018-07-02 14:10:08.0000000 +03:00,"Лужнецкая набережная 2/4 с17, Москва, РФ","улица Станиславского 21 с2, Москва, РФ",РФ,Москва,1439562,9E939E61-6343-4602-95B0-C9A7A85206BA,55.713285,37.572705,55.745626,37.663714
1439925,3167174,2018-07-02 15:03:12.0000000 +03:00,2018-07-02 15:26:10.0000000 +03:00,"улица Станиславского 21 с2, Москва, РФ","Лужнецкая набережная 2/4 с17, Москва, РФ",РФ,Москва,1439925,9E939E61-6343-4602-95B0-C9A7A85206BA,55.745626,37.663714,55.713349,37.572925
1442210,3172748,2018-07-02 21:49:54.2248139 +03:00,2018-07-02 23:01:31.0000000 +03:00,"Фрунзенская набережная 26, Москва, РФ","Профсоюзная улица 104, район Коньково, Москва, РФ",РФ,Москва,1442210,9E939E61-6343-4602-95B0-C9A7A85206BA,55.724348,37.587959,55.642032655578355,37.52352881197415
1442750,3173896,2018-07-03 08:34:10.8790831 +03:00,2018-07-03 10:48:48.0000000 +03:00,"Профсоюзная улица, район Коньково, Москва, РФ","Лужнецкая набережная 2/4 с17, Москва, РФ",РФ,район Коньково,1442750,9E939E61-6343-4602-95B0-C9A7A85206BA,55.65503707563958,37.53841672035289,55.713359,37.57289
1444331,3177654,2018-07-03 16:59:29.0000000 +03:00,2018-07-03 17:11:33.0000000 +03:00,"Лужнецкая набережная 2/4 с17, Москва, РФ","улица Льва Толстого 16, Москва, РФ",РФ,Москва,1444331,9E939E61-6343-4602-95B0-C9A7A85206BA,55.713343,37.572906,55.734026,37.586714
1445477,3180914,2018-07-04 01:22:17.0997142 +03:00,2018-07-04 01:27:43.0000000 +03:00,"Профсоюзная улица 60 к1, Обручевский район, Москва, РФ","Профсоюзная улица 104, район Коньково, Москва, РФ",РФ,Обручевский район,1445477,9E939E61-6343-4602-95B0-C9A7A85206BA,55.668077,37.552175,55.642448,37.523177
1447118,3185013,2018-07-04 09:55:14.0000000 +03:00,2018-07-04 11:18:53.0000000 +03:00,"Профсоюзная улица 104, район Коньково, Москва, РФ","Лужнецкая набережная 2/4 с59А, Москва, РФ",РФ,район Коньково,1447118,9E939E61-6343-4602-95B0-C9A7A85206BA,55.642448,37.523177,55.713737,37.572482
1448611,3188690,2018-07-04 18:29:18.8229063 +03:00,2018-07-04 18:52:05.0000000 +03:00,"Малая Бронная улица 30/1, Москва, РФ","Лужнецкая набережная 2/4 с59А, Москва, РФ",РФ,Москва,1448611,9E939E61-6343-4602-95B0-C9A7A85206BA,55.76382,37.593698,55.713737,37.572482
1449126,3190349,2018-07-04 22:57:53.7997883 +03:00,2018-07-04 23:08:18.0000000 +03:00,"Профсоюзная улица 24 к1, Академический район, Москва, РФ","Профсоюзная улица 104, район Коньково, Москва, РФ",РФ,Академический район,1449126,9E939E61-6343-4602-95B0-C9A7A85206BA,55.68017,37.565175,55.64242,37.523148
1450688,3194287,2018-07-05 08:33:36.0000000 +03:00,2018-07-05 09:04:22.0000000 +03:00,"Профсоюзная улица 104, район Коньково, Москва, РФ","Лужнецкая набережная 2/4 с17, Москва, РФ",РФ,район Коньково,1450688,9E939E61-6343-4602-95B0-C9A7A85206BA,55.64242,37.523148,55.713321,37.57283
1454660,3203904,2018-07-06 07:59:01.0000000 +03:00,2018-07-06 10:05:26.0000000 +03:00,"Профсоюзная улица 104, район Коньково, Москва, РФ","Дербеневская набережная, Даниловский район, Москва, РФ",РФ,район Коньково,1454660,9E939E61-6343-4602-95B0-C9A7A85206BA,55.641822,37.522672,55.7211,37.653384
1455089,3205218,2018-07-06 11:03:53.0000000 +03:00,2018-07-06 11:29:44.0000000 +03:00,"Дербеневская набережная, Даниловский район, Москва, РФ","Лужнецкая набережная 2/4 с59А, Москва, РФ",РФ,Даниловский район,1455089,9E939E61-6343-4602-95B0-C9A7A85206BA,55.7211,37.653384,55.713737,37.572482
1456928,3209633,2018-07-06 19:57:17.0000000 +03:00,2018-07-06 20:12:09.0000000 +03:00,"Лужнецкая набережная 2/4 с59А, Москва, РФ","Садовническая улица 82 с2, Москва, РФ",РФ,Москва,1456928,9E939E61-6343-4602-95B0-C9A7A85206BA,55.713737,37.572482,55.73491953865668,37.64301788969982
1457073,3210083,2018-07-06 20:56:22.0000000 +03:00,2018-07-06 21:02:14.0000000 +03:00,"Садовническая улица 79, Москва, РФ","улица Зацепа 22, Москва, РФ",РФ,Москва,1457073,9E939E61-6343-4602-95B0-C9A7A85206BA,55.73492,37.643019,55.730166,37.634137
1457202,3210496,2018-07-06 21:48:50.3263534 +03:00,2018-07-06 22:01:39.0000000 +03:00,"улица Серпуховский Вал 30, Москва, РФ","Большой Патриарший переулок 4, Москва, РФ",РФ,Москва,1457202,9E939E61-6343-4602-95B0-C9A7A85206BA,55.712057,37.608596,55.762698,37.591958
1457209,3210536,2018-07-06 21:08:05.0000000 +03:00,2018-07-06 22:07:12.0000000 +03:00,"улица Зацепа 22, Москва, РФ","Малая Бронная улица 22/15, Москва, РФ",РФ,Москва,1457209,9E939E61-6343-4602-95B0-C9A7A85206BA,55.730166,37.634137,55.76276143552341,37.595335878466805
1459224,3215682,2018-07-07 11:03:58.2664660 +03:00,2018-07-07 12:17:47.0000000 +03:00,"Профсоюзная улица 51, район Черёмушки, Москва, РФ","Садовническая улица, Москва, РФ",РФ,район Черёмушки,1459224,9E939E61-6343-4602-95B0-C9A7A85206BA,55.66578618603657,37.54995182556772,55.74539,37.636259
1462318,3223950,2018-07-07 15:38:36.4412064 +03:00,2018-07-07 16:01:33.0000000 +03:00,"улица Серпуховский Вал 14, Даниловский район, Москва, РФ","Профсоюзная улица 104, район Коньково, Москва, РФ",РФ,Даниловский район,1462318,9E939E61-6343-4602-95B0-C9A7A85206BA,55.71192422886911,37.614906281267864,55.642297,37.52302
1463107,3225940,2018-07-08 11:44:27.0000000 +03:00,2018-07-08 11:57:30.0000000 +03:00,"Профсоюзная улица 104, район Коньково, Москва, РФ","проспект 60-летия Октября 27, Академический район, Москва, РФ",РФ,район Коньково,1463107,9E939E61-6343-4602-95B0-C9A7A85206BA,55.642297,37.52302,55.690055,37.575295
1464961,3230809,2018-07-08 17:55:16.6388390 +03:00,2018-07-08 18:03:40.0000000 +03:00,"Лубянская площадь, Москва, РФ","улица Ленивка 3 с3, Москва, РФ",РФ,Москва,1464961,9E939E61-6343-4602-95B0-C9A7A85206BA,55.759123,37.626436,55.7471,37.608424
1466233,3233679,2018-07-09 08:46:31.0000000 +03:00,2018-07-09 09:10:08.0000000 +03:00,"улица Миклухо-Маклая, район Коньково, Москва, РФ","проезд Апакова 1 к2, Москва, РФ",РФ,район Коньково,1466233,9E939E61-6343-4602-95B0-C9A7A85206BA,55.64278,37.525684,55.727567,37.614712
1466616,3234492,2018-07-09 10:30:17.0000000 +03:00,2018-07-09 10:38:37.0000000 +03:00,"проезд Апакова 1 к2, Москва, РФ","Садовническая улица 79, Москва, РФ",РФ,Москва,1466616,9E939E61-6343-4602-95B0-C9A7A85206BA,55.727567,37.614712,55.734734,37.643449
1471560,3246538,2018-07-10 19:10:25.3171933 +08:00,2018-07-10 19:24:27.0000000 +08:00,"Shenton Way 8, Sïngäpûru, Sïngäpûru","Amber Close, Sïngäpûru",Sïngäpûru,Sïngäpûru,1471560,9E939E61-6343-4602-95B0-C9A7A85206BA,1.2755692983058053,103.84741944270566,1.30152,103.901613
1474293,3253046,2018-07-11 12:33:59.0000000 +08:00,2018-07-11 12:54:08.0000000 +08:00,"Amber Close, Sïngäpûru","Pasir Panjang Road 20, Sïngäpûru",Sïngäpûru,Sïngäpûru,1474293,9E939E61-6343-4602-95B0-C9A7A85206BA,1.301434,103.901492,1.275584,103.798969
1474418,3253330,2018-07-11 13:55:22.0000000 +08:00,2018-07-11 14:09:00.0000000 +08:00,"Pasir Panjang Road 20, Sïngäpûru","Straits View, Sïngäpûru, Sïngäpûru",Sïngäpûru,Sïngäpûru,1474418,9E939E61-6343-4602-95B0-C9A7A85206BA,1.275584,103.798969,1.278563,103.852749
1475757,3256360,2018-07-11 20:02:01.0000000 +08:00,2018-07-11 20:15:01.0000000 +08:00,"1, Sïngäpûru, Sïngäpûru","Amber Road, Sïngäpûru",Sïngäpûru,Sïngäpûru,1475757,9E939E61-6343-4602-95B0-C9A7A85206BA,1.293952474712733,103.85736936792016,1.30193,103.901028
1478707,3263640,2018-07-12 09:19:29.0000000 +08:00,2018-07-12 09:30:39.0000000 +08:00,"Amber Road, Sïngäpûru","Rochor Road, Sïngäpûru, Sïngäpûru",Sïngäpûru,Sïngäpûru,1478707,9E939E61-6343-4602-95B0-C9A7A85206BA,1.302031,103.900886,1.2958224527261315,103.86041681644375
1479836,3266186,2018-07-12 19:59:11.0000000 +08:00,2018-07-12 20:10:44.0000000 +08:00,"Rochor Road, Sïngäpûru, Sïngäpûru","Amber Road, Sïngäpûru",Sïngäpûru,Sïngäpûru,1479836,9E939E61-6343-4602-95B0-C9A7A85206BA,1.2958224527261315,103.86041681644375,1.301369,103.901307
1482423,3289791,2018-07-13 12:22:22.0000000 +08:00,2018-07-13 14:15:24.0000000 +08:00,"Temasek Avenue 6, Sïngäpûru, Sïngäpûru","Fountain of Wealth, Sïngäpûru, Sïngäpûru",Sïngäpûru,Sïngäpûru,1482423,9E939E61-6343-4602-95B0-C9A7A85206BA,1.294644,103.859292,1.294806,103.8593
1483237,3274444,2018-07-13 16:58:37.3167467 +08:00,2018-07-13 17:10:42.0000000 +08:00,"Anson Road, Sïngäpûru, Sïngäpûru","Amber Close, Sïngäpûru",Sïngäpûru,Sïngäpûru,1483237,9E939E61-6343-4602-95B0-C9A7A85206BA,1.276497,103.847096,1.3017781265092099,103.90193483801922
1483593,3275218,2018-07-13 18:49:40.0000000 +08:00,2018-07-13 19:06:01.0000000 +08:00,"Amber Close, Sïngäpûru","Fountain of Wealth, Sïngäpûru, Sïngäpûru",Sïngäpûru,Sïngäpûru,1483593,9E939E61-6343-4602-95B0-C9A7A85206BA,1.3017781265092099,103.90193483801922,1.2948154315455833,103.85932203684015
1483974,3276085,2018-07-13 20:15:52.0000000 +08:00,2018-07-13 20:38:18.0000000 +08:00,"Fountain of Wealth, Sïngäpûru, Sïngäpûru","East Coast Road 19, Sïngäpûru",Sïngäpûru,Sïngäpûru,1483974,9E939E61-6343-4602-95B0-C9A7A85206BA,1.2948154315455833,103.85932203684015,1.304276,103.902201
1484565,3277515,2018-07-13 22:47:26.0000000 +08:00,2018-07-13 23:00:30.0000000 +08:00,"East Coast Road, Sïngäpûru","T3 Departure Drive, Sïngäpûru",Sïngäpûru,Sïngäpûru,1484565,9E939E61-6343-4602-95B0-C9A7A85206BA,1.304105,103.902233,1.355917,103.987356
1486793,3283175,2018-07-14 06:11:52.5703277 +03:00,2018-07-14 06:53:53.0000000 +03:00,"А-105, Московская область, РФ","Профсоюзная улица 104, район Коньково, Москва, РФ",РФ,Московская область,1486793,9E939E61-6343-4602-95B0-C9A7A85206BA,55.415007782900645,37.9025512291068,55.642406,37.523134
1487532,3300402,2018-07-14 13:52:16.1919678 +03:00,2018-07-14 13:56:14.0000000 +03:00,"Профсоюзная улица 24 к1, Академический район, Москва, РФ","Профсоюзная улица, Обручевский район, Москва, РФ",РФ,Академический район,1487532,9E939E61-6343-4602-95B0-C9A7A85206BA,55.679154,37.564074,55.665996,37.549476
1487738,3301181,2018-07-14 14:18:03.8709012 +03:00,2018-07-14 14:58:51.0000000 +03:00,"улица Каховка 9Б, район Зюзино, Москва, РФ","Профсоюзная улица 104, район Коньково, Москва, РФ",РФ,район Зюзино,1487738,9E939E61-6343-4602-95B0-C9A7A85206BA,55.651511536031634,37.58799215782209,55.642366,37.523092
1488007,3286362,2018-07-14 15:14:43.0000000 +03:00,2018-07-14 15:46:59.0000000 +03:00,"Профсоюзная улица 104, район Коньково, Москва, РФ","Лужнецкая набережная 2/4 с59А, Москва, РФ",РФ,район Коньково,1488007,9E939E61-6343-4602-95B0-C9A7A85206BA,55.642366,37.523092,55.713737,37.572482
1488532,3303782,2018-07-14 16:32:45.0000000 +03:00,2018-07-14 18:08:37.0000000 +03:00,"Лужнецкая набережная 2/4 с59А, Москва, РФ","улица Каховка, район Черёмушки, Москва, РФ",РФ,Москва,1488532,9E939E61-6343-4602-95B0-C9A7A85206BA,55.713737,37.572482,55.660635687614466,37.55971727079413
1488944,3304873,2018-07-14 19:44:11.0000000 +03:00,2018-07-14 20:10:30.0000000 +03:00,"улица Каховка, район Черёмушки, Москва, РФ","Волгоградский проспект 78, район Кузьминки, Москва, РФ",РФ,район Черёмушки,1488944,9E939E61-6343-4602-95B0-C9A7A85206BA,55.660596,37.559673,55.70579,37.762491
1489186,3290164,2018-07-14 20:23:20.0000000 +03:00,2018-07-14 20:58:20.0000000 +03:00,"Волгоградский проспект 78, район Кузьминки, Москва, РФ","1-я Курьяновская улица, район Печатники, Москва, РФ",РФ,район Кузьминки,1489186,9E939E61-6343-4602-95B0-C9A7A85206BA,55.70579,37.762491,55.653623,37.701634
1489297,3290762,2018-07-14 22:14:35.0000000 +03:00,2018-07-14 23:15:08.0000000 +03:00,"1-я Курьяновская улица, район Печатники, Москва, РФ","Горьковское шоссе, Московская область, РФ",РФ,район Печатники,1489297,9E939E61-6343-4602-95B0-C9A7A85206BA,55.653623,37.701634,55.829913,38.406179
1489481,3291482,2018-07-15 02:18:22.0000000 +03:00,2018-07-15 03:42:41.0000000 +03:00,"М-7, городское поселение Вязники, Владимирская область, РФ","Канавинский район, Нижний Новгород, Нижегородская область, РФ",РФ,городское поселение Вязники,1489481,9E939E61-6343-4602-95B0-C9A7A85206BA,56.23830846050404,42.03265129592459,56.312963,43.866329
1489705,3292182,2018-07-15 04:08:49.0000000 +03:00,2018-07-15 05:41:16.0000000 +03:00,"Канавинский район, Нижний Новгород, Нижегородская область, РФ","М-7, Барминский сельсовет, Нижегородская область, РФ",РФ,Нижний Новгород,1489705,9E939E61-6343-4602-95B0-C9A7A85206BA,56.312963,43.866329,56.050849,45.501023
1490107,3293579,2018-07-15 05:58:26.0000000 +03:00,2018-07-15 07:58:18.0000000 +03:00,"М-7, Нижегородская область, РФ","М-7, Андреево-Базарское сельское поселение, Чувашия, РФ",РФ,Нижегородская область,1490107,9E939E61-6343-4602-95B0-C9A7A85206BA,56.049761571973605,45.554515868467796,55.797668,47.841984
1490185,3307815,2018-07-15 08:02:23.0000000 +03:00,2018-07-15 08:49:33.0000000 +03:00,"М-7, Байгуловское сельское поселение, Чувашия, РФ","М-7, Набережно-Морквашское сельское поселение, Татарстан, РФ",РФ,Байгуловское сельское поселение,1490185,9E939E61-6343-4602-95B0-C9A7A85206BA,55.806396,47.9404,55.779433040931615,48.84035476487953
1492339,3305769,2018-07-13 12:22:22.0000000 +08:00,2018-07-13 14:39:35.0000000 +08:00,"Temasek Avenue 6, Sïngäpûru, Sïngäpûru","Shenton Way 8, Sïngäpûru, Sïngäpûru",Sïngäpûru,Sïngäpûru,1492339,9E939E61-6343-4602-95B0-C9A7A85206BA,1.294644,103.859292,1.27522,103.84763
1496913,3321394,2018-07-16 13:37:51.8113912 +03:00,2018-07-16 20:30:02.0000000 +03:00,"Комсомольская улица, Кировский район, Казань, Татарстан, РФ","М-7, Москакасинское сельское поселение, Чувашия, РФ",РФ,Казань,1496913,9E939E61-6343-4602-95B0-C9A7A85206BA,55.81030057531069,49.09980589551041,56.041775,46.733254
1498610,3325515,2018-07-16 23:33:42.7264004 +03:00,2018-07-17 01:33:29.0000000 +03:00,"Приокский район, Афонинский сельсовет, Нижегородская область, РФ","М-7, Новосельское сельское поселение, Владимирская область, РФ",РФ,Афонинский сельсовет,1498610,9E939E61-6343-4602-95B0-C9A7A85206BA,56.23783697999998,44.044991219999986,56.2058,41.187217
1498796,3325958,2018-07-17 01:33:29.0000000 +03:00,2018-07-17 03:34:39.0000000 +03:00,"М-7, Новосельское сельское поселение, Владимирская область, РФ","М-7, Московская область, РФ",РФ,Новосельское сельское поселение,1498796,9E939E61-6343-4602-95B0-C9A7A85206BA,56.2058,41.187217,55.827664,38.439982
1499501,3328254,2018-07-17 13:46:34.0390453 +03:00,2018-07-17 13:53:56.0000000 +03:00,"Валовая улица 26, Москва, РФ","Смоленская площадь, Москва, РФ",РФ,Москва,1499501,9E939E61-6343-4602-95B0-C9A7A85206BA,55.730148,37.627923,55.748137,37.582457
1500747,3332320,2018-07-17 17:28:17.6772746 +03:00,2018-07-17 17:56:54.0000000 +03:00,"Бережковская набережная, район Дорогомилово, Москва, РФ","Профсоюзная улица 104, район Коньково, Москва, РФ",РФ,район Дорогомилово,1500747,9E939E61-6343-4602-95B0-C9A7A85206BA,55.733894085705856,37.56010361603822,55.642417,37.523146
1502500,3337045,2018-07-18 10:00:05.0000000 +03:00,2018-07-18 10:15:02.0000000 +03:00,"Профсоюзная улица 104, район Коньково, Москва, РФ","улица Миклухо-Маклая 113/1, Обручевский район, Москва, РФ",РФ,район Коньково,1502500,9E939E61-6343-4602-95B0-C9A7A85206BA,55.642417,37.523145,55.655487,37.49705
1502696,3337510,2018-07-18 10:46:49.0000000 +03:00,2018-07-18 11:04:44.0000000 +03:00,"улица Миклухо-Маклая 113/1, Обручевский район, Москва, РФ","Лужнецкая набережная 2/4 с17, Москва, РФ",РФ,Обручевский район,1502696,9E939E61-6343-4602-95B0-C9A7A85206BA,55.655502,37.496924,55.713362,37.572964
1505058,3342872,2018-07-18 18:54:58.0000000 +03:00,2018-07-18 19:26:22.0000000 +03:00,"Лужнецкая набережная 2/4 с17, Москва, РФ","Страстной бульвар 14, Москва, РФ",РФ,Москва,1505058,9E939E61-6343-4602-95B0-C9A7A85206BA,55.713362,37.572964,55.76765,37.612673
1505131,3343067,2018-07-18 21:52:26.0000000 +03:00,2018-07-18 22:27:22.0000000 +03:00,"Страстной бульвар 14, Москва, РФ","Профсоюзная улица, Обручевский район, Москва, РФ",РФ,Москва,1505131,9E939E61-6343-4602-95B0-C9A7A85206BA,55.76765,37.612673,55.66575803309776,37.54902065745764
1506406,3346121,2018-07-18 22:36:56.0000000 +03:00,2018-07-18 22:44:13.0000000 +03:00,"Профсоюзная улица, Обручевский район, Москва, РФ","Профсоюзная улица 104, район Коньково, Москва, РФ",РФ,Обручевский район,1506406,9E939E61-6343-4602-95B0-C9A7A85206BA,55.66575803309776,37.54902065745764,55.641511,37.52307
1506523,3346376,2018-07-19 09:13:14.0000000 +03:00,2018-07-19 09:38:57.0000000 +03:00,"Профсоюзная улица 104, район Коньково, Москва, РФ","Лужнецкая набережная 2/4 с17, Москва, РФ",РФ,район Коньково,1506523,9E939E61-6343-4602-95B0-C9A7A85206BA,55.641537,37.522781,55.713505,37.573401
1507636,3349108,2018-07-19 11:51:44.0000000 +03:00,2018-07-19 12:08:06.0000000 +03:00,"Лужнецкая набережная 2/4 с17, Москва, РФ","улица Тимура Фрунзе 15/1, Москва, РФ",РФ,Москва,1507636,9E939E61-6343-4602-95B0-C9A7A85206BA,55.713505,37.573401,55.737069,37.584951
1508506,3351221,2018-07-19 14:19:53.0000000 +03:00,2018-07-19 14:42:24.0000000 +03:00,"улица Тимура Фрунзе 15/1, Москва, РФ","Третье Транспортное кольцо, Донской район, Москва, РФ",РФ,Москва,1508506,9E939E61-6343-4602-95B0-C9A7A85206BA,55.737069,37.584951,55.706628,37.622578
1508612,3351494,2018-07-19 17:38:51.0000000 +03:00,2018-07-19 18:01:31.0000000 +03:00,"Третье Транспортное кольцо, Донской район, Москва, РФ","Лужнецкая набережная 2/4 с72, Москва, РФ",РФ,Донской район,1508612,9E939E61-6343-4602-95B0-C9A7A85206BA,55.706628,37.622578,55.713691,37.57194
1509330,3353465,2018-07-19 22:12:06.0000000 +03:00,2018-07-19 22:35:49.0000000 +03:00,"Лужнецкая набережная 2/4 с72, Москва, РФ","Профсоюзная улица 74 с9, Обручевский район, Москва, РФ",РФ,Москва,1509330,9E939E61-6343-4602-95B0-C9A7A85206BA,55.713691,37.57194,55.662305,37.545967
1510157,3355712,2018-07-20 06:28:42.9493165 +03:00,2018-07-20 06:57:06.0000000 +03:00,"Профсоюзная улица 114, район Коньково, Москва, РФ","Вокзальная площадь, район Внуково, Москва, РФ",РФ,район Коньково,1510157,9E939E61-6343-4602-95B0-C9A7A85206BA,55.6387377215774,37.52342762177222,55.606531,37.289426
1515255,3368587,2018-07-20 12:53:24.0000000 +02:00,2018-07-20 18:03:22.0000000 +02:00,"Autopista de la Mediterrània, Cataluña, España","Avinguda de la Vila de Blanes, Cataluña, España",España,Cataluña,1515255,9E939E61-6343-4602-95B0-C9A7A85206BA,41.82376928165725,2.746301237496311,41.70282445386211,2.844622554260161
1516458,3371600,2018-07-21 11:24:09.0000000 +02:00,2018-07-21 13:02:26.0000000 +02:00,"Avinguda de la Vila de Blanes, Cataluña, España","Carrer de Barcelona, Gerona, Cataluña, España",España,Cataluña,1516458,9E939E61-6343-4602-95B0-C9A7A85206BA,41.702799,2.844655,41.978508434297495,2.8178204968597904
1517261,3373799,2018-07-21 13:36:32.0000000 +02:00,2018-07-21 16:08:40.0000000 +02:00,"Autopista de la Mediterrània, Cataluña, España","Occitania, Francia",Francia,Cataluña,1517261,9E939E61-6343-4602-95B0-C9A7A85206BA,42.00688343964704,2.8077066410359066,43.178702,2.543061
1517981,3375685,2018-07-21 16:33:48.9869195 +02:00,2018-07-21 19:18:14.0000000 +02:00,"Autoroute des Deux Mers, Occitanie, France","Rocade, Nouvelle-Aquitaine, France",France,Occitanie,1517981,9E939E61-6343-4602-95B0-C9A7A85206BA,43.189031,2.408618,44.787028,-0.541244
1519528,3379869,2018-07-21 19:18:14.0000000 +02:00,2018-07-21 19:39:29.0000000 +02:00,"Rocade, Nouvelle-Aquitaine, France","Rue Georges Bonnac, Bordeaux, Nouvelle-Aquitaine, France",France,Nouvelle-Aquitaine,1519528,9E939E61-6343-4602-95B0-C9A7A85206BA,44.787028,-0.541244,44.839866,-0.586475
1528073,3401774,2018-07-23 13:22:27.0000000 +02:00,2018-07-23 13:47:02.0000000 +02:00,"A 83, Pays de la Loire, France","Pays de la Loire, France",France,Pays de la Loire,1528073,9E939E61-6343-4602-95B0-C9A7A85206BA,46.491321,-0.964801,46.873683,-1.2836
1528094,3401776,2018-07-23 11:10:01.0000000 +02:00,2018-07-23 13:11:48.0000000 +02:00,"Bordeaux, Nouvelle-Aquitaine, France","A 83, Pays de la Loire, France",France,Bordeaux,1528094,9E939E61-6343-4602-95B0-C9A7A85206BA,44.839815,-0.586554,46.400513,-0.685083
1528115,3401788,2018-07-23 14:10:48.7953281 +02:00,2018-07-23 16:10:22.0000000 +02:00,"Route de Chavagnes-en-Paillers, Pays de la Loire, France","D 137, Bretagne, France",France,Pays de la Loire,1528115,9E939E61-6343-4602-95B0-C9A7A85206BA,46.889792032185206,-1.302773724077583,48.442532,-1.924868
1528117,3401837,2018-07-23 16:16:23.0000000 +02:00,2018-07-23 17:12:24.0000000 +02:00,"D 137, Bretagne, France","Chaussée du Sillon, Bretagne, France",France,Bretagne,1528117,9E939E61-6343-4602-95B0-C9A7A85206BA,48.545097,-1.922391,48.652033,-2.018624
1536223,3422447,2018-07-25 13:22:54.0000000 +02:00,2018-07-25 14:13:24.0000000 +02:00,"A 28, Pays de la Loire, France","Rue Victor Hugo, Tours, Centre-Val de Loire, France",France,Pays de la Loire,1536223,9E939E61-6343-4602-95B0-C9A7A85206BA,48.008825,0.300891,47.389087,0.688451
1538463,3427661,2018-07-25 11:18:09.0000000 +02:00,2018-07-25 13:20:16.0000000 +02:00,"Chaussée du Sillon, Bretagne, France","Autoroute de l'Ouest, Pays de la Loire, France",France,Bretagne,1538463,9E939E61-6343-4602-95B0-C9A7A85206BA,48.652049,-2.018473,48.049948,0.285764
1538465,3427675,2018-07-26 14:29:13.0000000 +02:00,2018-07-26 15:17:50.0000000 +02:00,"Avenue de la République, Auvergne-Rhône-Alpes, France","A 89, Auvergne-Rhône-Alpes, France",France,Auvergne-Rhône-Alpes,1538465,9E939E61-6343-4602-95B0-C9A7A85206BA,46.117272,3.413624,45.84523028777024,3.7354230589840722
1538469,3427688,2018-07-26 15:36:00.0000000 +02:00,2018-07-26 17:20:38.0000000 +02:00,"A 89, Auvergne-Rhône-Alpes, France","Rue Servient, Lyon 3e Arrondissement, Lyon, Auvergne-Rhône-Alpes, France",France,Auvergne-Rhône-Alpes,1538469,9E939E61-6343-4602-95B0-C9A7A85206BA,45.8726376342083,3.9224125910586887,45.76121464841604,4.853663155813565
1538495,3427928,2018-07-25 16:10:37.0000000 +02:00,2018-07-25 18:18:41.0000000 +02:00,"Rue de la Dolve 5, Tours, Centre-Val de Loire, France","Boulevard de la République, Centre-Val de Loire, France",France,Tours,1538495,9E939E61-6343-4602-95B0-C9A7A85206BA,47.389195,0.688573,47.089922395363466,2.3947954731423144
1538498,3427767,2018-07-26 11:29:46.0000000 +02:00,2018-07-26 13:30:30.0000000 +02:00,"Boulevard de la République, Centre-Val de Loire, France","Auvergne-Rhône-Alpes, France",France,Centre-Val de Loire,1538498,9E939E61-6343-4602-95B0-C9A7A85206BA,47.08992,2.394792,46.12626991704677,3.419443499300088
1547667,3450721,2018-07-27 10:19:59.0000000 +02:00,2018-07-27 12:55:03.0000000 +02:00,"Rue Servient, Lyon 3e Arrondissement, Lyon, Auvergne-Rhône-Alpes, France","Autoroute du Soleil, Auvergne-Rhône-Alpes, France",France,Lyon,1547667,9E939E61-6343-4602-95B0-C9A7A85206BA,45.76121464841604,4.853663155813565,44.777878,4.810209
1547676,3450673,2018-07-28 10:06:52.0000000 +02:00,2018-07-28 10:43:17.0000000 +02:00,"Carrer de la Senyora Rosell, Cataluña, España","Cataluña, España",España,Cataluña,1547676,9E939E61-6343-4602-95B0-C9A7A85206BA,41.705197119192874,2.8404935449388256,41.898316,2.766501
1547682,3450676,2018-07-27 12:59:38.0000000 +02:00,2018-07-27 13:31:28.0000000 +02:00,"Autoroute du Soleil, Auvergne-Rhône-Alpes, France","Provence-Alpes-Côte d'Azur, France",France,Auvergne-Rhône-Alpes,1547682,9E939E61-6343-4602-95B0-C9A7A85206BA,44.704262,4.786305,44.195275,4.73211
1547688,3450677,2018-07-27 14:01:07.9392047 +02:00,2018-07-27 16:00:01.0000000 +02:00,"Chemin de Maoucrouset, Provence-Alpes-Côte d'Azur, France","La Languedocienne, Occitanie, France",France,Provence-Alpes-Côte d'Azur,1547688,9E939E61-6343-4602-95B0-C9A7A85206BA,44.184929869039024,4.7480846309423415,42.916125,2.985333
1547857,3451302,2018-07-28 19:19:27.0000000 +03:00,2018-07-28 19:39:11.0000000 +03:00,"район Внуково, Москва, РФ","Профсоюзная улица 104, район Коньково, Москва, РФ",РФ,район Внуково,1547857,9E939E61-6343-4602-95B0-C9A7A85206BA,55.606617,37.286884,55.642374,37.5231
1547983,3451711,2018-07-28 19:59:33.0000000 +03:00,2018-07-28 20:26:04.0000000 +03:00,"Профсоюзная улица 104, район Коньково, Москва, РФ","Страстной бульвар, Москва, РФ",РФ,район Коньково,1547983,9E939E61-6343-4602-95B0-C9A7A85206BA,55.642374,37.5231,55.767861,37.613166
1549140,3454896,2018-07-29 07:54:03.0000000 +03:00,2018-07-29 08:11:42.0000000 +03:00,"площадь Академика Келдыша, район Черёмушки, Москва, РФ","Неглинная улица 14 с1А, Москва, РФ",РФ,район Черёмушки,1549140,9E939E61-6343-4602-95B0-C9A7A85206BA,55.656017,37.539511,55.76388859285903,37.619976774000726
1549991,3456903,2018-07-29 10:44:00.0000000 +03:00,2018-07-29 11:17:47.0000000 +03:00,"Неглинная улица 14 с1А, Москва, РФ","улица Миклухо-Маклая 24А, район Коньково, Москва, РФ",РФ,Москва,1549991,9E939E61-6343-4602-95B0-C9A7A85206BA,55.763889,37.619984,55.64267126848515,37.52381754111268
1551289,3460365,2018-07-29 16:32:52.0000000 +03:00,2018-07-29 17:07:38.0000000 +03:00,"улица Миклухо-Маклая 24А, район Коньково, Москва, РФ","Лесная улица 6, Москва, РФ",РФ,район Коньково,1551289,9E939E61-6343-4602-95B0-C9A7A85206BA,55.642698,37.523783,55.77754,37.587093
1552573,3463730,2018-07-29 21:09:29.3743124 +03:00,2018-07-29 21:18:21.0000000 +03:00,"Скоростная автомагистраль Москва — Санкт-Петербург, Химки, Московская область, РФ","Новое шоссе, Долгопрудный, Московская область, РФ",РФ,Химки,1552573,9E939E61-6343-4602-95B0-C9A7A85206BA,55.966083649598026,37.39834883253779,55.978603,37.460737
1552975,3464663,2018-07-30 12:29:58.7184345 +10:00,2018-07-30 12:55:44.0000000 +10:00,"08А-22, Железнодорожный район, Хабаровск, Хабаровский край, РФ","Волочаевская улица 52, Индустриальный район, Хабаровск, Хабаровский край, РФ",РФ,Хабаровск,1552975,9E939E61-6343-4602-95B0-C9A7A85206BA,48.518563669019905,135.15205111440338,48.465953,135.091072
1553996,3467208,2018-07-30 14:52:55.9846528 +10:00,2018-07-30 16:52:22.0000000 +10:00,"улица Карла Маркса 65, Центральный район, Хабаровск, Хабаровский край, РФ","«Уссури», сельское поселение Село Аван, Хабаровский край, РФ",РФ,Хабаровск,1553996,9E939E61-6343-4602-95B0-C9A7A85206BA,48.489058,135.084264,47.47511125639777,134.65750973684214
1554003,3467210,2018-07-30 17:04:19.0000000 +10:00,2018-07-30 18:27:39.0000000 +10:00,"«Уссури», Хабаровский край, РФ","улица Виниченко 30, Приморский край, РФ",РФ,Хабаровский край,1554003,9E939E61-6343-4602-95B0-C9A7A85206BA,47.35183462504982,134.5292169974507,46.439976,134.297084
1563137,3491145,2018-08-01 12:49:00.0000000 +10:00,2018-08-01 13:07:12.0000000 +10:00,"Приморский край, РФ","улица Виниченко 30, Приморский край, РФ",РФ,Приморский край,1563137,9E939E61-6343-4602-95B0-C9A7A85206BA,46.529389922550436,134.26642564137862,46.440217,134.297177
1565448,3497551,2018-08-02 06:57:30.0000000 +10:00,2018-08-02 07:01:51.0000000 +10:00,"Лучегорское городское поселение, Приморский край, РФ","Лучегорское городское поселение, Приморский край, РФ",РФ,Лучегорское городское поселение,1565448,9E939E61-6343-4602-95B0-C9A7A85206BA,46.450321,134.197097,46.476297,134.190698
1578102,3542924,2018-08-05 08:54:18.4343658 +08:00,2018-08-05 09:07:33.0000000 +08:00,"Marine Parade Road, Sïngäpûru","Bukit Timah Road, Sïngäpûru",Sïngäpûru,Sïngäpûru,1578102,9E939E61-6343-4602-95B0-C9A7A85206BA,1.3011095878858945,103.90223711533406,1.331182,103.796326
1582038,3554210,2018-08-06 10:19:35.0000000 +08:00,2018-08-06 10:26:59.0000000 +08:00,"Tanjong Katong Road South, Sïngäpûru","Temasek Boulevard 3, Sïngäpûru, Sïngäpûru",Sïngäpûru,Sïngäpûru,1582038,9E939E61-6343-4602-95B0-C9A7A85206BA,1.301838,103.897371,1.295699,103.859496
1586062,3565850,2018-08-07 09:28:59.0000000 +08:00,2018-08-07 09:37:59.0000000 +08:00,"Amber Close, Sïngäpûru","Drop off, Sïngäpûru, Sïngäpûru",Sïngäpûru,Sïngäpûru,1586062,9E939E61-6343-4602-95B0-C9A7A85206BA,1.3014436466631492,103.90194665650269,1.294884,103.859286
1589959,3576788,2018-08-08 08:49:06.0000000 +08:00,2018-08-08 08:58:48.0000000 +08:00,"Amber Road, Sïngäpûru","Temasek Boulevard 3, Sïngäpûru, Sïngäpûru",Sïngäpûru,Sïngäpûru,1589959,9E939E61-6343-4602-95B0-C9A7A85206BA,1.3024796498951525,103.90036826031645,1.295997,103.860059
1590776,3578829,2018-08-08 13:43:46.0000000 +08:00,2018-08-08 13:56:15.0000000 +08:00,"Temasek Boulevard 3, Sïngäpûru, Sïngäpûru","Fountain of Wealth, Sïngäpûru, Sïngäpûru",Sïngäpûru,Sïngäpûru,1590776,9E939E61-6343-4602-95B0-C9A7A85206BA,1.295997,103.860059,1.29481,103.8593
1590975,3579293,2018-08-08 14:05:56.0000000 +08:00,2018-08-08 14:15:34.0000000 +08:00,"Drop off, Sïngäpûru, Sïngäpûru","Amber Close, Sïngäpûru",Sïngäpûru,Sïngäpûru,1590975,9E939E61-6343-4602-95B0-C9A7A85206BA,1.294649,103.859288,1.301409,103.901448
1592080,3582018,2018-08-08 19:31:54.0000000 +08:00,2018-08-08 19:42:55.0000000 +08:00,"Benjamin Sheares Bridge, Sïngäpûru, Sïngäpûru","Amber Close, Sïngäpûru",Sïngäpûru,Sïngäpûru,1592080,9E939E61-6343-4602-95B0-C9A7A85206BA,1.293108,103.862615,1.301387,103.901409
1597919,3597295,2018-08-10 09:32:28.0000000 +08:00,2018-08-10 09:41:00.0000000 +08:00,"Amber Road, Sïngäpûru","Temasek Boulevard 8, Sïngäpûru, Sïngäpûru",Sïngäpûru,Sïngäpûru,1597919,9E939E61-6343-4602-95B0-C9A7A85206BA,1.301308,103.901254,1.295028,103.859228
1599123,3600378,2018-08-10 15:34:06.0000000 +08:00,2018-08-10 15:48:51.0000000 +08:00,"Fountain of Wealth, Sïngäpûru, Sïngäpûru","Marina Boulevard 2, Sïngäpûru, Sïngäpûru",Sïngäpûru,Sïngäpûru,1599123,9E939E61-6343-4602-95B0-C9A7A85206BA,1.294959,103.859253,1.281611,103.852872
1599327,3600834,2018-08-10 16:35:23.0000000 +08:00,2018-08-10 16:40:31.0000000 +08:00,"Marina Boulevard 2, Sïngäpûru, Sïngäpûru","Temasek Boulevard 9, Sïngäpûru, Sïngäpûru",Sïngäpûru,Sïngäpûru,1599327,9E939E61-6343-4602-95B0-C9A7A85206BA,1.281611,103.852872,1.295171,103.859072
1600401,3603587,2018-08-10 17:54:40.5835205 +08:00,2018-08-10 18:09:05.0000000 +08:00,"Bayfront Avenue, Sïngäpûru, Sïngäpûru","Ocean Way, Sïngäpûru",Sïngäpûru,Sïngäpûru,1600401,9E939E61-6343-4602-95B0-C9A7A85206BA,1.281322,103.858808,1.246617,103.842364
1600490,3603843,2018-08-10 21:01:37.0000000 +08:00,2018-08-10 21:10:27.0000000 +08:00,"Marina Coastal Expressway, Sïngäpûru, Sïngäpûru","Amber Close, Sïngäpûru",Sïngäpûru,Sïngäpûru,1600490,9E939E61-6343-4602-95B0-C9A7A85206BA,1.271057,103.856501,1.301346,103.901336
1602560,3609012,2018-08-11 11:20:50.9280664 +08:00,2018-08-11 11:23:54.0000000 +08:00,"Beach Road, Sïngäpûru, Sïngäpûru","252, Sïngäpûru, Sïngäpûru",Sïngäpûru,Sïngäpûru,1602560,9E939E61-6343-4602-95B0-C9A7A85206BA,1.298285,103.858,1.293244,103.853798
1602945,3609860,2018-08-11 13:25:19.6118770 +08:00,2018-08-11 13:35:29.0000000 +08:00,"Geylang Road, Sïngäpûru","Amber Road, Sïngäpûru",Sïngäpûru,Sïngäpûru,1602945,9E939E61-6343-4602-95B0-C9A7A85206BA,1.31007,103.871167,1.300726,103.901809
1603578,3611234,2018-08-11 15:57:06.0000000 +08:00,2018-08-11 16:08:23.0000000 +08:00,"Amber Road, Sïngäpûru","Sïngäpûru, Sïngäpûru",Sïngäpûru,Sïngäpûru,1603578,9E939E61-6343-4602-95B0-C9A7A85206BA,1.300686,103.901601,1.292836,103.858632
1603823,3611801,2018-08-11 17:00:56.0000000 +08:00,2018-08-11 17:04:01.0000000 +08:00,"Mountbatten Road, Sïngäpûru","Amber Close, Sïngäpûru",Sïngäpûru,Sïngäpûru,1603823,9E939E61-6343-4602-95B0-C9A7A85206BA,1.303115,103.90032,1.3016686588537894,103.90223692180952
1608442,3624836,2018-08-12 12:11:23.0000000 +03:00,2018-08-12 12:55:44.0000000 +03:00,"А-105, Московская область, РФ","Профсоюзная улица 104, район Коньково, Москва, РФ",РФ,Московская область,1608442,9E939E61-6343-4602-95B0-C9A7A85206BA,55.444215629301446,37.864846084302165,55.642373,37.523099
1608474,3624928,2018-08-12 14:59:01.0000000 +03:00,2018-08-12 15:02:43.0000000 +03:00,"Керченская улица 1 к1, район Зюзино, Москва, РФ","Малая Юшуньская улица 8 к1, район Зюзино, Москва, РФ",РФ,район Зюзино,1608474,9E939E61-6343-4602-95B0-C9A7A85206BA,55.652715,37.580837,55.654728,37.592418
1611261,3632783,2018-08-13 08:15:23.0000000 +03:00,2018-08-13 08:39:10.0000000 +03:00,"Профсоюзная улица 104, район Коньково, Москва, РФ","Университетский проспект, Гагаринский район, Москва, РФ",РФ,район Коньково,1611261,9E939E61-6343-4602-95B0-C9A7A85206BA,55.64113514237524,37.5216225302621,55.700317,37.547699
1611300,3632861,2018-08-13 10:00:49.0278581 +03:00,2018-08-13 10:02:40.0000000 +03:00,"Комсомольский проспект, Москва, РФ","Комсомольский проспект, Москва, РФ",РФ,Москва,1611300,9E939E61-6343-4602-95B0-C9A7A85206BA,55.724971,37.578989,55.716568,37.567281
1612327,3635514,2018-08-13 13:34:46.0000000 +03:00,2018-08-13 13:45:33.0000000 +03:00,"Комсомольский проспект, Москва, РФ","Комсомольский проспект, Москва, РФ",РФ,Москва,1612327,9E939E61-6343-4602-95B0-C9A7A85206BA,55.716407,37.567634,55.727659,37.583346
1613140,3637844,2018-08-13 17:14:44.3660205 +03:00,2018-08-13 17:22:02.0000000 +03:00,"улица Лужники 24 с5, Москва, РФ","Ленинский проспект 37, Москва, РФ",РФ,Москва,1613140,9E939E61-6343-4602-95B0-C9A7A85206BA,55.714137,37.566494,55.710759,37.586635
1617714,3650661,2018-08-14 11:58:12.0000000 +03:00,2018-08-14 12:45:41.0000000 +03:00,"улица Миклухо-Маклая 24А, район Коньково, Москва, РФ","Московская область, РФ",РФ,район Коньково,1617714,9E939E61-6343-4602-95B0-C9A7A85206BA,55.642589,37.523511,55.415843,37.899205
1617717,3650668,2018-08-15 06:36:17.0000000 +08:00,2018-08-15 06:48:01.0000000 +08:00,"T3 Arrival Drive, Sïngäpûru","Amber Close, Sïngäpûru",Sïngäpûru,Sïngäpûru,1617717,9E939E61-6343-4602-95B0-C9A7A85206BA,1.358646,103.988854,1.301396,103.901424
1624440,3669481,2018-08-16 14:08:41.0000000 +08:00,2018-08-16 14:17:18.0000000 +08:00,"Amber Road, Sïngäpûru","Rochor Road, Sïngäpûru, Sïngäpûru",Sïngäpûru,Sïngäpûru,1624440,9E939E61-6343-4602-95B0-C9A7A85206BA,1.301309,103.901254,1.296027,103.860236
1624445,3669489,2018-08-16 21:10:46.0000000 +08:00,2018-08-16 21:22:43.0000000 +08:00,"Temasek Boulevard 3, Sïngäpûru, Sïngäpûru","Amber Road, Sïngäpûru",Sïngäpûru,Sïngäpûru,1624445,9E939E61-6343-4602-95B0-C9A7A85206BA,1.295926,103.860171,1.30144,103.901272
1626267,3674668,2018-08-17 10:56:58.0000000 +08:00,2018-08-17 11:05:01.0000000 +08:00,"Amber Road, Sïngäpûru","Fountain of Wealth, Sïngäpûru, Sïngäpûru",Sïngäpûru,Sïngäpûru,1626267,9E939E61-6343-4602-95B0-C9A7A85206BA,1.301406,103.901205,1.294737,103.859298
1627297,3677681,2018-08-17 15:33:30.0000000 +08:00,2018-08-17 15:53:34.0000000 +08:00,"Drop off, Sïngäpûru, Sïngäpûru","Amber Close, Sïngäpûru",Sïngäpûru,Sïngäpûru,1627297,9E939E61-6343-4602-95B0-C9A7A85206BA,1.294649,103.859288,1.301559,103.901444
1637876,3710682,2018-08-20 08:52:18.0000000 +08:00,2018-08-20 09:12:12.0000000 +08:00,"Amber Close, Sïngäpûru","Temasek Boulevard 3, Sïngäpûru, Sïngäpûru",Sïngäpûru,Sïngäpûru,1637876,9E939E61-6343-4602-95B0-C9A7A85206BA,1.301434,103.901492,1.295895,103.859601
1640162,3716874,2018-08-20 20:32:10.0000000 +08:00,2018-08-20 20:49:44.0000000 +08:00,"Temasek Boulevard 3, Sïngäpûru, Sïngäpûru","Amber Road, Sïngäpûru",Sïngäpûru,Sïngäpûru,1640162,9E939E61-6343-4602-95B0-C9A7A85206BA,1.295895,103.859601,1.301758,103.901114
1642042,3722488,2018-08-21 09:50:01.0000000 +08:00,2018-08-21 10:04:26.0000000 +08:00,"Amber Road, Sïngäpûru","Telok Ayer Street 101, Sïngäpûru, Sïngäpûru",Sïngäpûru,Sïngäpûru,1642042,9E939E61-6343-4602-95B0-C9A7A85206BA,1.301722,103.901043,1.281898,103.848325
1642096,3722631,2018-08-21 11:33:12.0000000 +08:00,2018-08-21 11:45:03.0000000 +08:00,"Telok Ayer Street 101, Sïngäpûru, Sïngäpûru","Fountain of Wealth, Sïngäpûru, Sïngäpûru",Sïngäpûru,Sïngäpûru,1642096,9E939E61-6343-4602-95B0-C9A7A85206BA,1.281898,103.848325,1.294756,103.8593
1644183,3727823,2018-08-21 19:55:17.0000000 +08:00,2018-08-21 20:14:13.0000000 +08:00,"Drop off, Sïngäpûru, Sïngäpûru","Amber Close, Sïngäpûru",Sïngäpûru,Sïngäpûru,1644183,9E939E61-6343-4602-95B0-C9A7A85206BA,1.294649,103.859288,1.301982075613641,103.90182356914457
1646678,3735460,2018-08-22 14:44:53.0000000 +08:00,2018-08-22 14:54:20.0000000 +08:00,"Amber Close, Sïngäpûru","Fountain of Wealth, Sïngäpûru, Sïngäpûru",Sïngäpûru,Sïngäpûru,1646678,9E939E61-6343-4602-95B0-C9A7A85206BA,1.301982075613641,103.90182356914457,1.294653,103.859288
1647683,3738494,2018-08-22 19:42:22.0000000 +08:00,2018-08-22 19:45:01.0000000 +08:00,"Tanjong Katong Road 373, Sïngäpûru","Amber Close, Sïngäpûru",Sïngäpûru,Sïngäpûru,1647683,9E939E61-6343-4602-95B0-C9A7A85206BA,1.302919,103.896957,1.301348,103.901339
1649940,3745004,2018-08-23 10:48:09.0000000 +08:00,2018-08-23 10:55:56.0000000 +08:00,"Amber Road, Sïngäpûru","Drop off, Sïngäpûru, Sïngäpûru",Sïngäpûru,Sïngäpûru,1649940,9E939E61-6343-4602-95B0-C9A7A85206BA,1.301306,103.901256,1.294773,103.859368
1652054,3750696,2018-08-23 19:45:45.0000000 +08:00,2018-08-23 20:02:18.0000000 +08:00,"Drop off, Sïngäpûru, Sïngäpûru","Amber Close, Sïngäpûru",Sïngäpûru,Sïngäpûru,1652054,9E939E61-6343-4602-95B0-C9A7A85206BA,1.294649,103.859288,1.3017302342725683,103.9022212044825
1654102,3756242,2018-08-24 09:09:58.0000000 +08:00,2018-08-24 09:23:48.0000000 +08:00,"Amber Close, Sïngäpûru","Temasek Boulevard 8, Sïngäpûru, Sïngäpûru",Sïngäpûru,Sïngäpûru,1654102,9E939E61-6343-4602-95B0-C9A7A85206BA,1.3017302342725683,103.9022212044825,1.295564,103.859423
1654426,3757069,2018-08-24 11:44:11.0000000 +08:00,2018-08-24 11:51:22.0000000 +08:00,"Temasek Boulevard 9, Sïngäpûru, Sïngäpûru","Shenton Way, Sïngäpûru, Sïngäpûru",Sïngäpûru,Sïngäpûru,1654426,9E939E61-6343-4602-95B0-C9A7A85206BA,1.295648,103.859351,1.275422,103.847764
1656499,3762349,2018-08-24 20:00:47.7746629 +08:00,2018-08-24 20:13:47.0000000 +08:00,"Temasek Avenue 2, Sïngäpûru, Sïngäpûru","Amber Close, Sïngäpûru",Sïngäpûru,Sïngäpûru,1656499,9E939E61-6343-4602-95B0-C9A7A85206BA,1.2929355539393546,103.8608827070369,1.301434,103.901492
1658900,3769401,2018-08-25 12:12:18.0000000 +08:00,2018-08-25 12:17:18.0000000 +08:00,"Amber Road, Sïngäpûru","Tanjong Katong Road 226, Sïngäpûru",Sïngäpûru,Sïngäpûru,1658900,9E939E61-6343-4602-95B0-C9A7A85206BA,1.301312,103.901252,1.307094,103.89552
1659242,3770354,2018-08-25 13:46:16.0000000 +08:00,2018-08-25 13:52:20.0000000 +08:00,"Tanjong Katong Road 271, Sïngäpûru","East Coast Road 35, Sïngäpûru",Sïngäpûru,Sïngäpûru,1659242,9E939E61-6343-4602-95B0-C9A7A85206BA,1.307118,103.895582,1.304688,103.902943
1664056,3786888,2018-08-26 17:19:01.0000000 +08:00,2018-08-26 17:30:24.0000000 +08:00,"Chai Chee Road 750, Sïngäpûru","Amber Close, Sïngäpûru",Sïngäpûru,Sïngäpûru,1664056,9E939E61-6343-4602-95B0-C9A7A85206BA,1.323228,103.92255,1.301408,103.901447
1682943,3840000,2018-08-31 09:46:32.0000000 +08:00,2018-08-31 09:58:39.0000000 +08:00,"Amber Road, Sïngäpûru","Rochor Road, Sïngäpûru, Sïngäpûru",Sïngäpûru,Sïngäpûru,1682943,9E939E61-6343-4602-95B0-C9A7A85206BA,1.30131,103.901254,1.2954424135399008,103.86073200041787
1685256,3845940,2018-08-31 19:43:26.0000000 +08:00,2018-08-31 20:00:07.0000000 +08:00,"Rochor Road, Sïngäpûru, Sïngäpûru","Amber Road, Sïngäpûru",Sïngäpûru,Sïngäpûru,1685256,9E939E61-6343-4602-95B0-C9A7A85206BA,1.295415,103.860687,1.302005,103.90099
1688903,3856265,2018-09-01 16:24:07.7205207 +08:00,2018-09-01 16:32:15.0000000 +08:00,"Rochor Road, Sïngäpûru, Sïngäpûru","Killiney Road, Sïngäpûru, Sïngäpûru",Sïngäpûru,Sïngäpûru,1688903,9E939E61-6343-4602-95B0-C9A7A85206BA,1.302457,103.854176,1.300509,103.840611
1689660,3858355,2018-09-01 18:55:51.0000000 +08:00,2018-09-01 19:10:52.0000000 +08:00,"Killiney Road, Sïngäpûru, Sïngäpûru","Tanjong Katong Road South, Sïngäpûru",Sïngäpûru,Sïngäpûru,1689660,9E939E61-6343-4602-95B0-C9A7A85206BA,1.300458,103.840574,1.299277,103.897743
1696330,3877578,2018-09-03 14:03:01.0000000 +08:00,2018-09-03 14:10:00.0000000 +08:00,"Amber Road, Sïngäpûru","Fountain of Wealth, Sïngäpûru, Sïngäpûru",Sïngäpûru,Sïngäpûru,1696330,9E939E61-6343-4602-95B0-C9A7A85206BA,1.299304,103.89784,1.2951,103.859117
1697944,3881683,2018-09-03 20:38:36.0000000 +08:00,2018-09-03 20:51:39.0000000 +08:00,"Temasek Boulevard 8, Sïngäpûru, Sïngäpûru","Amber Close, Sïngäpûru",Sïngäpûru,Sïngäpûru,1697944,9E939E61-6343-4602-95B0-C9A7A85206BA,1.295098,103.85921,1.301638986916562,103.90187834399184
1700802,3890000,2018-09-04 15:01:48.0000000 +08:00,2018-09-04 15:11:20.0000000 +08:00,"Amber Close, Sïngäpûru","Temasek Boulevard 3, Sïngäpûru, Sïngäpûru",Sïngäpûru,Sïngäpûru,1700802,9E939E61-6343-4602-95B0-C9A7A85206BA,1.301638986916562,103.90187834399184,1.295637,103.859463
1701792,3892824,2018-09-04 19:34:07.0000000 +08:00,2018-09-04 19:45:13.0000000 +08:00,"Temasek Boulevard 3, Sïngäpûru, Sïngäpûru","Amber Close, Sïngäpûru",Sïngäpûru,Sïngäpûru,1701792,9E939E61-6343-4602-95B0-C9A7A85206BA,1.295597,103.859441,1.301356,103.901355
1705133,3902338,2018-09-05 16:00:04.0000000 +08:00,2018-09-05 16:05:08.0000000 +08:00,"Amber Road, Sïngäpûru","East Coast Parkway, Sïngäpûru",Sïngäpûru,Sïngäpûru,1705133,9E939E61-6343-4602-95B0-C9A7A85206BA,1.301305,103.901256,1.295554,103.889601
1705179,3902437,2018-09-05 16:04:41.0000000 +08:00,2018-09-05 16:09:09.0000000 +08:00,"East Coast Parkway, Sïngäpûru","Temasek Boulevard 3, Sïngäpûru, Sïngäpûru",Sïngäpûru,Sïngäpûru,1705179,9E939E61-6343-4602-95B0-C9A7A85206BA,1.295649,103.893674,1.296027,103.85971
1706540,3906159,2018-09-05 21:31:34.0000000 +08:00,2018-09-05 21:42:39.0000000 +08:00,"Temasek Boulevard 3, Sïngäpûru, Sïngäpûru","Amber Road, Sïngäpûru",Sïngäpûru,Sïngäpûru,1706540,9E939E61-6343-4602-95B0-C9A7A85206BA,1.295913,103.859611,1.301673,103.901156
1734083,3986233,2018-09-12 07:26:00.0640759 +07:00,2018-09-12 08:04:49.0000000 +07:00,"Hàng Bông, Hà Nội, Việt Nam","Đường Ga đi T2, Hà Nội, Việt Nam",Việt Nam,Hà Nội,1734083,9E939E61-6343-4602-95B0-C9A7A85206BA,21.02849,105.843842,21.216965,105.79279
1735160,3989174,2018-09-12 13:48:19.8969311 +08:00,2018-09-12 14:21:07.0000000 +08:00,"West Perimeter Road, Sïngäpûru","Tanjong Katong Road 289, Sïngäpûru",Sïngäpûru,Sïngäpûru,1735160,9E939E61-6343-4602-95B0-C9A7A85206BA,1.347146225163105,103.97979333075133,1.306681,103.89575
1748902,4029751,2018-09-15 15:07:54.0000000 +08:00,2018-09-15 15:30:22.0000000 +08:00,"Tanjong Katong Road 289, Sïngäpûru","Warna Road, Sïngäpûru",Sïngäpûru,Sïngäpûru,1748902,9E939E61-6343-4602-95B0-C9A7A85206BA,1.306681,103.89575,1.311192,103.796397
1749929,4032791,2018-09-15 18:44:26.0000000 +08:00,2018-09-15 19:07:27.0000000 +08:00,"Jalan Merah Saga 43, Sïngäpûru","Amber Road, Sïngäpûru",Sïngäpûru,Sïngäpûru,1749929,9E939E61-6343-4602-95B0-C9A7A85206BA,1.311149,103.796653,1.3018485335754724,103.9013545850674
1760456,4066440,2018-09-18 08:01:01.0000000 +08:00,2018-09-18 08:20:57.0000000 +08:00,"Amber Road, Sïngäpûru","Tampines Avenue 4, Sïngäpûru",Sïngäpûru,Sïngäpûru,1760456,9E939E61-6343-4602-95B0-C9A7A85206BA,1.3018485335754724,103.9013545850674,1.351774,103.942198
1760715,4067234,2018-09-18 09:59:05.0000000 +08:00,2018-09-18 10:20:38.0000000 +08:00,"Tampines Avenue 4, Sïngäpûru","Drop off, Sïngäpûru, Sïngäpûru",Sïngäpûru,Sïngäpûru,1760715,9E939E61-6343-4602-95B0-C9A7A85206BA,1.351774,103.942198,1.294977,103.859313
1761469,4069494,2018-09-18 13:44:21.0000000 +08:00,2018-09-18 13:57:29.0000000 +08:00,"Drop off, Sïngäpûru, Sïngäpûru","Amber Road, Sïngäpûru",Sïngäpûru,Sïngäpûru,1761469,9E939E61-6343-4602-95B0-C9A7A85206BA,1.294884,103.859286,1.301882,103.901052
1763108,4074566,2018-09-18 20:26:31.0000000 +08:00,2018-09-18 20:39:52.0000000 +08:00,"Amber Road, Sïngäpûru",Sïngäpûru,Sïngäpûru,Sïngäpûru,1763108,9E939E61-6343-4602-95B0-C9A7A85206BA,1.301846,103.90098,1.356724,103.98772
1763362,4075262,2018-09-18 21:13:16.0000000 +08:00,2018-09-18 21:29:06.0000000 +08:00,Sïngäpûru,"Amber Close, Sïngäpûru",Sïngäpûru,Sïngäpûru,1763362,9E939E61-6343-4602-95B0-C9A7A85206BA,1.356724,103.98772,1.301396,103.901425
1774369,4111779,2018-09-21 14:01:03.0000000 +08:00,2018-09-21 14:11:31.0000000 +08:00,"Amber Road, Sïngäpûru","Temasek Avenue 3, Sïngäpûru, Sïngäpûru",Sïngäpûru,Sïngäpûru,1774369,9E939E61-6343-4602-95B0-C9A7A85206BA,1.301309,103.901254,1.293699,103.860395
1776152,4117292,2018-09-21 21:01:49.0000000 +08:00,2018-09-21 21:13:01.0000000 +08:00,"Sïngäpûru, Sïngäpûru","Mountbatten Road, Sïngäpûru",Sïngäpûru,Sïngäpûru,1776152,9E939E61-6343-4602-95B0-C9A7A85206BA,1.293773,103.860535,1.302919,103.899862
1811398,4148359,2018-09-23 18:01:00.0080577 +03:00,2018-09-23 18:32:20.0000000 +03:00,"Профсоюзная улица 104, район Коньково, Москва, РФ","Страстной бульвар, Москва, РФ",РФ,район Коньково,1811398,9E939E61-6343-4602-95B0-C9A7A85206BA,55.64168069248351,37.52252966326974,55.767938,37.613346
1811769,4150021,2018-09-23 20:11:30.0000000 +03:00,2018-09-23 20:49:10.0000000 +03:00,"улица Петровка 27, Москва, РФ","улица Миклухо-Маклая 22А, район Коньково, Москва, РФ",РФ,Москва,1811769,9E939E61-6343-4602-95B0-C9A7A85206BA,55.768,37.613611,55.643024,37.524281
1813538,4155867,2018-09-24 10:37:00.0000000 +03:00,2018-09-24 11:14:26.0000000 +03:00,"улица Миклухо-Маклая 22А, район Коньково, Москва, РФ","Дербеневская улица 13, Даниловский район, Москва, РФ",РФ,район Коньково,1813538,9E939E61-6343-4602-95B0-C9A7A85206BA,55.643024,37.524281,55.721445,37.649554
1814288,4158311,2018-09-24 13:37:16.0000000 +03:00,2018-09-24 14:01:51.0000000 +03:00,"Дербеневская улица 13, Даниловский район, Москва, РФ","Лужнецкая набережная 2/4 с59А, Москва, РФ",РФ,Даниловский район,1814288,9E939E61-6343-4602-95B0-C9A7A85206BA,55.721445,37.649554,55.713727,37.572493
1816089,4164669,2018-09-24 18:29:39.0000000 +03:00,2018-09-24 18:57:22.0000000 +03:00,"Лужнецкая набережная 2/4 с59А, Москва, РФ","Пречистенская набережная, Москва, РФ",РФ,Москва,1816089,9E939E61-6343-4602-95B0-C9A7A85206BA,55.713727,37.572493,55.735139,37.598573
1816130,4164806,2018-09-24 23:22:07.1392896 +03:00,2018-09-24 23:51:45.0000000 +03:00,"улица Забелина 9/1 с14, Москва, РФ","улица Миклухо-Маклая 24А, район Коньково, Москва, РФ",РФ,Москва,1816130,9E939E61-6343-4602-95B0-C9A7A85206BA,55.754322,37.637327,55.642596,37.523529
1818570,4172474,2018-09-25 13:31:12.0000000 +03:00,2018-09-25 14:05:46.0000000 +03:00,"улица Миклухо-Маклая 24А, район Коньково, Москва, РФ","Лужнецкая набережная 2/4 с17, Москва, РФ",РФ,район Коньково,1818570,9E939E61-6343-4602-95B0-C9A7A85206BA,55.642596,37.523529,55.71348917210075,37.573168510606116
1822163,4131075,2018-09-22 19:53:44.0000000 +08:00,2018-09-22 20:13:05.0000000 +08:00,"Mountbatten Road, Sïngäpûru","T3 Basement Drive, Sïngäpûru",Sïngäpûru,Sïngäpûru,1822163,9E939E61-6343-4602-95B0-C9A7A85206BA,1.302841,103.899896,1.356622008608055,103.98693412552028
1824284,4140531,2018-09-23 08:50:44.0877550 +03:00,2018-09-23 09:03:19.0000000 +03:00,"МКАД, 34-й километр, Москва, РФ","Профсоюзная улица 104, район Коньково, Москва, РФ",РФ,Москва,1824284,9E939E61-6343-4602-95B0-C9A7A85206BA,55.578511,37.583866,55.64250225902625,37.523242341213724
1825966,4177002,2018-09-25 19:28:11.9731078 +03:00,2018-09-25 20:08:46.0000000 +03:00,"Москва, РФ","Малая Юшуньская улица 3, район Зюзино, Москва, РФ",РФ,Москва,1825966,9E939E61-6343-4602-95B0-C9A7A85206BA,55.721126,37.557501,55.654005,37.591782
1826247,4178272,2018-09-25 22:44:12.0000000 +03:00,2018-09-25 23:05:30.0000000 +03:00,"Малая Юшуньская улица 3, район Зюзино, Москва, РФ","Профсоюзная улица 104, район Коньково, Москва, РФ",РФ,район Зюзино,1826247,9E939E61-6343-4602-95B0-C9A7A85206BA,55.654005,37.591782,55.642334,37.523058
